Edad,1950,1951,1952,1953,1954,1955,1956,1957,1958,1959,1960,1961,1962,1963,1964,1965,1966,1967,1968,1969,1970,1971,1972,1973,1974,1975,1976,1977,1978,1979,1980,1981,1982,1983,1984,1985,1986,1987,1988,1989,1990,1991,1992,1993,1994,1995,1996,1997,1998,1999,2000,2001,2002,2003,2004,2005,2006,2007,2008,2009,2010,2011,2012,2013,2014,2015,2016,2017,2018,2019,2020,2021,2022,2023,2024,2025,2026,2027,2028,2029,2030,2031,2032,2033,2034,2035,2036,2037,2038,2039,2040,2041,2042,2043,2044,2045,2046,2047,2048,2049,2050,2051,2052,2053,2054,2055,2056,2057,2058,2059,2060,2061,2062,2063,2064,2065,2066,2067,2068,2069,2070
0,568159,577657,594071,613919,637887,664331,687186,709353,734135,761687,789861,817039,843057,869110,894980,918818,940802,963564,988138,1013052,1035566,1057292,1079355,1098834,1113078,1120216,1119863,1114898,1110564,1109767,1112820,1118950,1127826,1138284,1148996,1158565,1165584,1171628,1178909,1187825,1199002,1211052,1218077,1217522,1211511,1201764,1190169,1180559,1177188,1179706,1180786,1174619,1162310,1149001,1139422,1134996,1135595,1140270,1145414,1147389,1143986,1134496,1120894,1108343,1098548,1086717,1068484,1049485,1041110,1039522,1036143,1029539,1017466,1004586,994292,983516,972412,961128,949806,938562,927392,916194,904905,893674,882688,871955,861420,851017,840721,830586,820612,810826,801256,791819,782431,773077,763818,754727,745759,736799,727830,718938,710220,701660,693142,684635,676203,667927,659811,651772,643775,635844,628021,620333,612750,605247,597828,590505,583293,576186,569173
1,516674,524131,534601,551292,572190,598676,625741,649509,672357,697516,724941,752809,779936,806067,832251,858393,882577,904743,927696,952605,976468,999848,1024410,1047745,1068275,1083771,1092545,1093888,1090524,1087948,1088866,1093255,1100399,1110168,1121409,1132724,1142724,1150078,1156557,1163836,1172842,1184891,1197655,1205123,1205093,1199621,1190310,1178902,1169301,1165685,1168285,1170490,1165742,1154664,1142231,1134099,1131776,1134207,1138674,1142582,1144191,1140449,1130337,1116372,1103314,1092467,1080174,1062388,1044247,1036319,1033405,1028579,1023994,1013987,1001211,990991,980283,969249,958042,946804,935648,924567,913457,902252,891097,880181,869511,859034,848685,838442,828359,818435,808699,799177,789785,780441,771128,761908,752852,743918,734990,726053,717193,708505,699975,691487,683009,674606,666357,658268,650254,642281,634373,626574,618908,611346,603865,596467,589165,581973,574887
2,483825,492911,501142,512434,529988,552614,579664,607361,631551,654818,680026,707339,735311,762641,788980,815548,842105,866529,888970,912349,936579,961035,986460,1011913,1035864,1056933,1073044,1082289,1083958,1081119,1079118,1080411,1085029,1092401,1102361,1113642,1124830,1134596,1141799,1148199,1155443,1164451,1176534,1189412,1197082,1197292,1191969,1182585,1170976,1160995,1157322,1160802,1164129,1160347,1150002,1138940,1132804,1132216,1134439,1137739,1141281,1142524,1138138,1127643,1113195,1099169,1087894,1075982,1058952,1041226,1033638,1030972,1026168,1021585,1011622,998877,988678,977996,966999,955837,944651,933551,922526,911468,900310,889198,878320,867683,857237,846919,836706,826653,816761,807055,797562,788198,778881,769593,760396,751363,742450,733543,724627,715787,707121,698611,690143,681686,673302,665072,657001,649004,641048,633157,625374,617724,610178,602713,595330,588043,580866
3,460137,470070,479513,488345,500309,518912,541894,569251,596978,621336,644665,669862,697197,725211,752599,779107,805816,832439,856870,879391,902343,926792,952212,978077,1003983,1028257,1049509,1065722,1075213,1077255,1074757,1073041,1074523,1079253,1086660,1096525,1107594,1118509,1128019,1135034,1141279,1148481,1157541,1169662,1182630,1190426,1190656,1185172,1175529,1163535,1153522,1150700,1155192,1159369,1156257,1147211,1138076,1133618,1132836,1133899,1136806,1139984,1140604,1135865,1124932,1109596,1095197,1084290,1073059,1056408,1039004,1031637,1028996,1024195,1019622,1009662,996923,986733,976072,965106,953985,942843,931788,920805,909786,898662,887579,876727,866114,855691,845396,835208,825179,815311,805630,796159,786818,777521,768253,759075,750059,741164,732275,723377,714555,705906,697413,688962,680522,672155,663940,655884,647903,639961,632085,624315,616679,609147,601695,594326,587052
4,440962,451303,461388,471193,480510,493190,512023,535186,562452,590191,614568,637915,663105,690416,718416,745851,772370,799070,825580,849922,872127,895139,920075,945729,971937,998057,1022348,1043557,1059948,1069712,1071972,1069698,1068149,1069707,1074425,1081700,1091331,1102118,1112744,1122015,1128832,1135023,1142284,1151367,1163552,1176595,1184341,1184363,1178593,1168568,1156549,1147379,1145541,1150837,1155635,1153753,1146574,1139060,1134420,1132509,1133180,1135732,1138318,1138599,1133449,1121686,1106027,1091990,1081722,1070832,1054469,1037278,1029945,1027301,1022497,1017907,1007937,995203,985025,974389,963457,952374,941272,930254,919305,908315,897216,886156,875323,864730,854327,844052,833885,823877,814030,804369,794918,785595,776315,767064,757902,748902,740023,731149,722266,713460,704826,696349,687913,679487,671134,662933,654891,646922,638993,631129,623373,615749,608229,600789,593432
5,424413,434897,445284,455588,465720,475519,488376,507321,530376,557610,585320,609698,633022,658168,685437,713422,740795,767265,793809,820148,844219,866403,889660,914723,940644,966998,993055,1017241,1038585,1055173,1065069,1067489,1065353,1063870,1065406,1069985,1077029,1086385,1096873,1107248,1116291,1123037,1129280,1136561,1145715,1157964,1170928,1178433,1178152,1171989,1161935,1150737,1142538,1141496,1147391,1153356,1153268,1147654,1139964,1134231,1131936,1132265,1134251,1136519,1136414,1130490,1118428,1103121,1089693,1079737,1069110,1052937,1035792,1028462,1025804,1020976,1016361,1006385,993662,983504,972897,961999,950953,939885,928898,917975,907008,895928,884886,874071,863494,853108,842852,832703,822714,812886,803241,793807,784500,775236,765999,756851,747866,739000,730141,721272,712479,703859,695395,686972,678559,670219,662030,654000,646042,638125,630273,622527,614915,607406,599976
6,408383,420070,430543,441059,451587,462026,471946,484891,503733,526757,553956,581638,605968,629239,654339,681565,709451,736747,763045,789390,815484,839474,861761,885088,910354,936372,962637,988559,1012840,1034329,1050996,1060989,1063511,1061433,1059928,1061323,1065681,1072458,1081523,1091762,1101892,1110855,1117647,1123915,1131264,1140491,1152663,1165367,1172544,1171862,1165660,1156391,1146140,1138725,1138283,1145306,1152986,1154406,1148622,1139880,1133764,1131138,1130932,1132622,1134533,1133697,1127487,1115757,1101034,1087909,1078197,1067732,1051602,1034472,1027129,1024438,1019581,1014948,1004976,992272,982139,971564,960700,949685,938647,927684,916782,905832,894769,883741,872941,862381,852011,841771,831639,821666,811854,802225,792806,783513,774262,765039,755904,746931,738078,729231,720374,711594,702987,694535,686123,677722,669393,661216,653195,645249,637342,629500,621764,614162,606662
7,392893,405145,416781,427328,438000,448729,459235,469212,482076,500894,523899,551068,578678,602938,626162,651213,678329,706123,733237,759328,785456,811430,835427,857748,881232,906574,932489,958600,984590,1008986,1030517,1047238,1057288,1059840,1057734,1056100,1057289,1061388,1067893,1076716,1086716,1096763,1105753,1112560,1118894,1126320,1135489,1147421,1159791,1166555,1165812,1160355,1151986,1142502,1135697,1136352,1145013,1154140,1155401,1148599,1139485,1133057,1129921,1129435,1130793,1132024,1130920,1125020,1113834,1099402,1086512,1076953,1066525,1050405,1033269,1025895,1023170,1018292,1013652,1003692,991014,980910,970365,959531,948545,937530,926587,915702,904767,893717,882703,871917,861371,851015,840791,830674,820716,810919,801304,791898,782618,773379,764169,755045,746084,737242,728406,719561,710793,702196,693755,685354,676963,668645,660478,652467,644530,636633,628800,621074,613480
8,379793,390389,402573,414240,424896,435702,446468,456996,466901,479758,498568,521558,548656,576177,600381,623553,648496,675517,703131,730037,755930,781929,807857,831843,854280,877824,903058,928822,954981,981064,1005473,1027033,1043770,1053824,1056339,1054105,1052275,1053220,1057063,1063339,1071938,1081851,1091914,1100909,1107783,1114192,1121568,1130526,1142148,1154102,1160777,1160726,1156126,1148497,1139613,1133879,1136112,1146153,1155132,1155418,1148257,1138838,1131918,1128524,1127736,1128455,1129439,1128626,1123228,1112323,1098110,1085372,1075851,1065422,1049292,1032134,1024729,1021979,1017093,1012457,1002517,989869,979793,969278,958471,947507,936512,925584,914713,903790,892753,881751,870978,860445,850104,839893,829791,819848,810063,800462,791069,781800,772573,763373,754261,745310,736478,727653,718818,710060,701473,693042,684652,676271,667962,659804,651802,643874,635985,628161,620443
9,367676,377774,388307,400498,412236,422983,433809,444576,455029,464929,477795,496601,519537,546550,574003,598146,621214,646066,672918,700331,727058,752816,778735,804615,828683,851159,874606,899690,925484,951725,977809,1002224,1023771,1040494,1050489,1052863,1050434,1048375,1049084,1052714,1058784,1067300,1077225,1087290,1096342,1103281,1109659,1116840,1125513,1136747,1148598,1155910,1156666,1152762,1145713,1137876,1133667,1137217,1147117,1155163,1155102,1147645,1137755,1130596,1126914,1125526,1126023,1127278,1126936,1121806,1111100,1097034,1084340,1074819,1064374,1048221,1031042,1023618,1020857,1015974,1011351,1001436,988819,978770,968279,957493,946548,935568,924653,913793,902882,891857,880868,870108,859588,849261,839064,828975,819045,809274,799684,790302,781044,771828,762638,753535,744594,735773,726957,718132,709384,700807,692386,684005,675633,667333,659183,651190,643270,635389,627573
10,355298,365985,376021,386557,398794,410590,421348,432164,442858,453298,463209,476087,494855,517723,544673,572053,596088,619068,643769,670435,697680,724269,749933,775785,801711,825791,848181,871486,896589,922457,948695,974768,999166,1020680,1037328,1047154,1049317,1046671,1044392,1044906,1048346,1054348,1062876,1072809,1082922,1092023,1098931,1105123,1112053,1120376,1131512,1143950,1152007,1153420,1150074,1144039,1137669,1134721,1138137,1147146,1154852,1154503,1146586,1136467,1129041,1124793,1123200,1123958,1125660,1125572,1120627,1110056,1096040,1083356,1073820,1063348,1047173,1029983,1022551,1019790,1014919,1010314,1000425,987836,977811,967342,956575,945644,934677,923774,912925,902025,891011,880035,869288,858782,848468,838285,828210,818293,808533,798955,789584,780336,771129,761949,752856,743924,735112,726306,717491,708752,700185,691773,683400,675037,666746,658604,650619,642706,634833
11,343374,353828,364452,374487,385059,397334,409132,419872,430621,441300,451742,461669,474529,493245,516068,542947,570209,594151,616998,641533,668047,695159,721636,747225,773096,799016,823015,845271,868588,893762,919626,945845,971884,996239,1017665,1034129,1043731,1045663,1042805,1040345,1040696,1044073,1050091,1058631,1068609,1078768,1087826,1094564,1100519,1107123,1115371,1127081,1140210,1148874,1150816,1148445,1143826,1138671,1135593,1138145,1146819,1154244,1153445,1145306,1134937,1126962,1122523,1121184,1122375,1124323,1124409,1119577,1109058,1095069,1082379,1072818,1062319,1046132,1028943,1021514,1018760,1013906,1009321,999457,986895,976892,966441,955689,944772,933817,922925,912086,901197,890196,879233,868499,858007,847707,837538,827476,817571,807823,798256,788895,779656,770459,761288,752204,743282,734479,725683,716878,708149,699591,691188,682824,674469,666186,658052,650074,642169
12,332332,342029,352422,363040,373100,383702,395975,407745,418425,429156,439831,450282,460200,473028,491714,514478,541240,568394,592206,614903,639298,665681,692676,719065,744647,770503,796341,820199,842464,865854,891020,916855,943036,969026,993282,1014508,1030716,1040062,1041765,1038731,1036119,1036410,1039810,1045844,1054437,1064462,1074577,1083466,1089984,1095648,1102221,1111056,1123464,1137175,1146332,1149200,1148194,1144751,1139467,1135548,1137771,1146166,1153141,1152127,1143739,1132837,1124685,1120502,1119595,1121029,1123137,1123317,1118541,1108067,1094081,1081373,1071785,1061267,1045075,1027896,1020476,1017735,1012901,1008337,998499,985963,975980,965545,954807,943902,932957,922075,911247,900370,889382,878433,867715,857237,846952,836797,826748,816856,807119,797562,788211,778982,769793,760632,751558,742646,733853,725067,716272,707553,699005,690610,682255,673909,665633,657507,649537
13,322142,330986,340617,350995,361619,371695,382292,394524,406231,416890,427612,438289,448728,458623,471436,490064,512707,539341,566341,589988,612537,636791,663036,689910,716254,741809,767568,793246,817093,839430,862813,887940,913719,939830,965700,989722,1010641,1026530,1035574,1037054,1033847,1031164,1031455,1034893,1041022,1049695,1059696,1069649,1078346,1084635,1090371,1097670,1107324,1120345,1134505,1144541,1148745,1148907,1145367,1139282,1135044,1136999,1144964,1151734,1150465,1141547,1130472,1122589,1118841,1118178,1119762,1121958,1122207,1117490,1107026,1093028,1080296,1070682,1060148,1043959,1026797,1019394,1016672,1011862,1007322,997512,985001,975035,964615,953888,942993,932057,921186,910371,899508,888535,877603,866901,856440,846170,836029,825993,816113,806387,796841,787499,778280,769102,759952,750889,741988,733206,724431,715646,706937,698399,690013,681667,673329,665061,656944
14,312564,320710,329480,339085,349451,360073,370135,380685,392848,404524,415166,425884,436547,446959,456842,469603,488104,510604,537058,563853,587320,609702,633789,659889,686685,712967,738397,763973,789619,813527,835847,859181,884236,909929,935893,961479,985117,1005619,1021105,1029838,1031087,1027765,1025060,1025407,1028980,1035221,1043874,1053704,1063487,1072033,1078550,1085253,1093590,1103951,1117370,1132364,1143725,1149123,1149246,1144948,1138556,1134068,1135616,1143385,1149904,1148083,1138995,1128211,1120800,1117309,1116774,1118435,1120710,1121017,1116309,1105830,1091807,1079048,1069414,1058874,1042702,1025571,1018196,1015501,1010721,1006207,996423,983934,973983,963573,952856,941970,931046,920188,909389,898543,887589,876676,865993,855550,845296,835170,825148,815280,805567,796032,786701,777494,768328,759190,750139,741251,732481,723718,714945,706248,697719,689344,681007,672679,664421
15,303559,311021,319084,327820,337404,347758,358354,368359,378843,390966,402612,413243,423945,434576,444968,454800,467440,485789,508102,534325,560889,584147,606347,630279,656271,682975,709105,734333,759863,785543,809424,831690,854935,879875,905397,931032,956161,979294,999298,1014379,1022791,1023849,1020483,1017834,1018331,1022016,1028225,1036663,1046283,1055899,1064725,1072404,1080345,1089458,1100161,1114399,1130791,1143459,1148950,1148386,1143818,1137229,1132383,1133779,1141309,1147235,1145233,1136476,1126215,1119073,1115701,1115229,1116953,1119257,1119552,1114816,1104309,1090267,1077501,1067871,1057351,1041220,1024136,1016799,1014133,1009381,1004889,995127,982658,972719,962320,951614,940740,929831,918991,908210,897386,886455,875565,864903,854480,844245,834136,824130,814276,804577,795055,785739,776545,767394,758270,749235,740361,731606,722857,714098,705413,696897,688534,680209,671892
16,294952,301839,309205,317222,325925,335486,345801,356323,366257,376699,388778,400400,411011,421674,432275,442596,452300,464788,482933,504994,530940,557233,580265,602280,626082,651946,678458,704349,729506,755062,780698,804483,826638,849753,874488,899618,924708,949217,971727,991204,1005838,1013944,1014870,1011555,1009093,1009730,1013375,1019327,1027481,1036823,1046710,1056901,1066037,1074838,1084195,1095714,1111526,1129444,1142433,1147368,1146632,1141985,1135135,1130199,1131373,1138280,1144007,1142376,1134195,1124230,1117193,1113865,1113447,1115177,1117449,1117697,1112920,1102394,1088357,1075611,1066012,1055537,1039464,1022442,1015145,1012508,1007780,1003303,993559,981108,971180,960793,950101,939245,928356,917539,906783,895986,885081,874217,863580,853180,842966,832877,822888,813052,803369,793865,784565,775389,766255,757149,748132,739275,730537,721805,713062,704392,695891,687542,679230
17,286519,293031,299808,307114,315088,323760,333272,343498,353933,363817,374214,386257,397847,408413,419033,429543,439711,449251,461535,479410,501171,526791,552793,575599,597464,621115,646756,672983,698772,723939,749427,774937,798577,820576,843456,867737,892227,916578,940337,962190,981102,995291,1003132,1004065,1000973,998706,999323,1002690,1008294,1016071,1025677,1037138,1049006,1059073,1067995,1078143,1091421,1108985,1127449,1140014,1144895,1144217,1139420,1132553,1127416,1127933,1134621,1140754,1139758,1131894,1122021,1115004,1111724,1111296,1112976,1115187,1115383,1110582,1100066,1086068,1073374,1063829,1053414,1037410,1020453,1013195,1010578,1005867,1001400,991671,979238,969325,958955,948283,937450,926588,915800,905075,894308,883435,872600,861991,851616,841426,831358,821391,811575,801913,792429,783150,773995,764882,755797,746801,737964,729246,720532,711808,703156,694673,686340
18,278253,284453,290847,297559,304819,312760,321380,330798,340930,351303,361136,371500,383503,395036,405550,416067,426410,436395,445730,457762,475341,496778,522082,547809,570436,592143,615560,640903,667004,692784,717877,743220,768536,791987,813733,836132,859719,883405,906935,929965,951168,969522,983334,991099,992235,989370,987116,987466,990439,995560,1003553,1014829,1028070,1040871,1050927,1060611,1072665,1087889,1106176,1124310,1136897,1141943,1141209,1136452,1129379,1123535,1123841,1130980,1137795,1137118,1129339,1119472,1112504,1109214,1108726,1110337,1112489,1112657,1107865,1097395,1083466,1070845,1061367,1051016,1035082,1018186,1010959,1008354,1003653,999193,989480,977070,967176,956829,946184,935381,924552,913798,903108,892376,881536,870733,860154,849807,839643,829600,819657,809866,800228,790768,781513,772381,763293,754232,745259,736445,727749,719057,710353,701723,693259
19,269906,276110,282191,288523,295194,302425,310315,318842,328168,338236,348548,358348,368681,380620,392089,402495,412842,422997,432764,441864,453641,470922,492073,517103,542609,565066,586551,609679,634895,660979,686663,711599,736742,761846,785013,806274,827974,850749,873596,896377,918726,939328,957236,970894,978787,980114,977279,974785,974714,977109,982375,992034,1005098,1019240,1031926,1042721,1054413,1068547,1084592,1102579,1120768,1133571,1138598,1137912,1132907,1125054,1118979,1119784,1127664,1134804,1134173,1126358,1116565,1109624,1106284,1105734,1107292,1109415,1109584,1104831,1094428,1080583,1068043,1058631,1048339,1032468,1015628,1008425,1005827,1001134,996681,986989,974608,964740,954423,943812,933047,922255,911539,900887,890191,879387,868619,858072,847755,837620,827606,817691,807928,798317,788885,779657,770552,761490,752456,743509,734720,726048,717381,708701,700094
20,261037,267745,273834,279864,286164,292814,300000,307802,316244,325510,335515,345789,355561,365842,377712,389066,399310,409475,419413,428946,437824,449366,466405,487323,512144,537456,559682,580904,603938,629132,655115,680636,705372,730297,755099,777773,798364,819285,841252,863380,885502,907250,927391,945096,958812,966812,968125,965057,962128,961412,963879,970746,982127,996057,1010051,1023469,1036318,1050159,1065118,1080830,1098870,1117265,1130026,1135066,1134058,1128147,1119984,1114445,1116065,1124293,1131453,1130756,1123048,1113340,1106377,1102996,1102406,1103939,1106057,1106249,1101547,1091221,1077462,1064999,1055646,1045406,1029592,1012805,1005621,1003028,998345,993902,984237,971895,962059,951780,941208,930483,919733,909057,898444,887787,877020,866288,855775,845492,835389,825407,815523,805791,796211,786809,777611,768536,759503,750498,741578,732817,724172,715530,706877
21,251378,258908,265505,271553,277563,283852,290464,297570,305296,313686,322894,332863,343104,352828,363054,374812,386009,396085,406044,415758,425083,433765,445131,461992,482750,507390,532459,554440,575589,598619,623718,649534,674855,699382,724020,748337,770365,790229,810413,831716,853238,874804,896107,916027,933734,947489,955403,956434,952901,949291,948579,952535,961031,973247,987061,1001809,1017288,1032304,1046902,1061441,1077170,1095379,1113672,1126380,1130989,1128928,1122596,1114954,1110303,1112318,1120582,1127673,1127111,1119533,1109840,1102866,1099463,1098856,1100381,1102510,1102733,1098087,1087836,1074158,1061764,1052462,1042266,1026505,1009769,1002607,1000020,995351,990924,981293,968995,959199,948961,938432,927750,917042,906407,895834,885216,874488,863793,853317,843070,833002,823054,813205,803507,793960,784590,775423,766379,757377,748402,739512,730780,722164,713550
22,242380,249314,256737,263301,269340,275350,281608,288149,295189,302869,311208,320386,330324,340516,350192,360325,371939,382978,392862,402615,412142,421282,429833,441087,457840,478469,502891,527710,549621,570787,593738,618688,644305,669426,693687,717874,741580,762932,782131,801730,822492,843515,864680,885770,905666,923368,936971,944541,945037,940781,937113,937764,943236,952554,964734,979351,996158,1013774,1029430,1043485,1057980,1073817,1091870,1110033,1122183,1125600,1122985,1117130,1110419,1106217,1108320,1116557,1123808,1123393,1115855,1106180,1099206,1095795,1095183,1096713,1098859,1099116,1094523,1084341,1070738,1058405,1049146,1038988,1023280,1006597,999457,996881,992232,987826,978235,965986,956232,946037,935552,924913,914246,903653,893120,882542,871854,861199,850762,840553,830522,820611,810797,801134,791621,782285,773151,764139,755168,746224,737365,728664,720076
23,233568,240392,247235,254630,261192,267238,273225,279419,285902,292902,300537,308855,318009,327902,338045,347640,357657,369129,379985,389683,399270,408626,417651,426132,437336,454013,474480,498683,523417,545337,566441,589268,614041,639471,664339,688192,711821,734906,755655,774338,793474,813801,834482,855458,876510,896371,913893,927111,934071,933773,929380,926951,929005,935286,944670,957722,974383,993278,1011393,1026376,1040313,1054839,1070471,1088327,1105832,1116670,1119394,1117185,1112268,1106049,1101988,1104149,1112594,1119996,1119626,1112119,1102460,1095490,1092079,1091472,1093013,1095179,1095468,1090925,1080805,1067268,1054989,1045767,1035646,1019990,1003364,996252,993692,989068,984687,975139,962942,953230,943078,932635,922037,911413,900860,890368,879831,869184,858571,848174,838003,828011,818136,808359,798731,789252,779950,770848,761869,752930,744018,735191,726520
24,225050,231660,238405,245236,252633,259206,265233,271161,277304,283754,290715,298336,306636,315752,325601,335667,345165,355069,366370,377052,386605,396041,405302,414262,422727,433910,450471,470774,494909,519637,541492,562490,585171,609777,634975,659469,682825,705909,728443,748725,767010,785779,805819,826340,847276,868282,887966,905090,917655,923750,923202,919902,918761,921622,928072,938402,953484,972166,991424,1008745,1023530,1037433,1051697,1067082,1084217,1100318,1110346,1113401,1112115,1107699,1101653,1097718,1100161,1108793,1116238,1115889,1108397,1098751,1091788,1088385,1087789,1089347,1091535,1091854,1087353,1077289,1063810,1051580,1042393,1032309,1016709,1000143,993064,990523,985927,981575,972070,959923,950252,940141,929738,919182,908599,898088,887637,877141,866536,855964,845608,835476,825521,815683,805942,796348,786904,777635,768567,759620,750713,741833,733037
25,217860,223222,229765,236507,243354,250761,257316,263288,269170,275283,281698,288652,296260,304530,313610,323391,333370,342775,352534,363676,374227,383649,393002,402209,411159,419633,430756,447201,467473,491606,516246,538000,558879,581424,605827,630684,654737,677615,700214,722323,742240,760222,778766,798670,819153,840052,860885,880181,896649,908314,914048,914414,912280,911935,915061,922524,934855,951888,970816,989178,1006236,1020921,1034511,1048491,1063123,1078830,1094044,1104304,1108235,1107440,1103207,1097309,1093729,1096437,1105124,1112575,1112221,1104734,1095101,1088152,1084764,1084187,1085766,1087976,1088322,1083858,1073841,1060415,1048231,1039079,1029034,1013492,996991,989948,987430,982863,978538,969075,956976,947344,937271,926909,916393,905851,895381,884972,874518,863955,853424,843107,833013,823095,813292,803586,794026,784616,775380,766344,757429,748554,739705
26,210766,216100,221413,227962,234729,241595,248981,255482,261411,267265,273346,279759,286704,294288,302528,311552,321261,331156,340433,350060,361086,371514,380868,390178,399373,408333,416777,427839,444285,464580,488634,513168,534811,555577,577948,602052,626519,650152,672610,694837,716617,736260,754057,772500,792370,812822,833566,854031,872692,888263,899495,905958,907333,905969,905982,910168,919589,933795,950974,968937,986998,1003887,1018225,1031498,1044707,1057918,1072722,1088091,1099157,1103560,1102933,1098827,1093337,1090106,1092900,1101595,1109019,1108646,1101160,1091546,1084620,1081258,1080707,1082309,1084539,1084906,1080472,1070497,1057122,1044982,1035868,1025865,1010385,993949,986944,984450,979911,975611,966187,954133,944537,934503,924180,913705,903203,892775,882407,871994,861472,850980,840701,830644,820760,810993,801320,791793,782416,773212,764208,755324,746480
27,203650,209071,214363,219698,226279,233070,239921,247251,253707,259608,265432,271514,277921,284848,292408,300602,309569,319207,328982,338143,347678,358589,368952,378274,387582,396799,405729,414138,425240,441724,461971,485932,510348,531888,552513,574623,598388,622487,645743,667877,689822,711356,730835,748549,766969,786814,807125,827538,847401,865196,880298,892103,899416,901504,900551,901649,907753,918969,933236,949414,967042,984896,1001411,1015410,1027904,1039723,1052040,1066958,1083072,1094569,1099102,1098562,1094896,1089823,1086702,1089526,1098192,1105572,1105176,1097700,1088115,1081224,1077895,1077373,1078997,1081243,1081625,1077217,1067282,1053955,1041863,1032788,1022830,1007413,991043,984075,981602,977090,972813,963425,951414,941854,931857,921573,911138,900678,890290,879962,869589,859105,848651,838408,828385,818536,808801,799161,789667,780321,771149,762175,753321
28,196553,202019,207403,212720,218100,224709,231489,238290,245572,251996,257866,263695,269773,276165,283073,290595,298745,307654,317184,326853,335938,345377,356234,366564,375887,385212,394407,403311,411769,422945,439407,459579,483442,507753,529157,549561,571389,594833,618605,641571,663456,685189,706575,725977,743671,762070,781797,801808,821661,840707,858026,873572,886095,894044,896559,896697,899654,907470,918683,931931,947758,965155,982623,998786,1012005,1023159,1034102,1046519,1062136,1078638,1090222,1094778,1094697,1091502,1086546,1083473,1086285,1094904,1102237,1101827,1094372,1084828,1077981,1074689,1074195,1075837,1078095,1078489,1074105,1064209,1050933,1038889,1029857,1019945,1004589,988282,981349,978897,974408,970153,960799,948829,939305,929345,919100,908705,898284,887936,877646,867311,856864,846445,836236,826247,816430,806727,797118,787656,778341,769198,760254
29,189489,194981,200415,205827,211192,216610,223211,229942,236702,243946,250335,256211,262036,268102,274480,281355,288844,296949,305763,315197,324797,333798,343200,354027,364352,373695,383010,392174,401134,409677,420849,437262,457367,481137,505316,526523,546678,568239,591399,614913,637664,659366,680975,702282,721651,739331,757626,777081,796579,815670,834246,851922,868076,881165,889527,893102,895029,899613,907379,917574,930468,946051,963066,980176,995575,1007503,1017811,1028840,1041919,1057910,1074453,1085990,1091010,1091434,1088348,1083442,1080373,1083155,1091725,1099021,1098611,1091189,1081696,1074896,1071641,1071173,1072829,1075095,1075502,1071141,1061286,1048061,1036068,1027079,1017213,1001916,985668,978766,976332,971865,967631,958311,946382,936893,926970,916763,906407,896025,885714,875461,865161,854748,844364,834187,824230,814443,804771,795193,785761,776475,767361
30,182583,187974,193438,198900,204360,209766,215186,221742,228433,235157,242361,248753,254624,260438,266492,272843,279694,287147,295169,303899,313273,322790,331764,341146,351966,362316,371646,380937,390156,399188,407751,418901,435270,455307,478959,502947,523934,543867,565189,588124,611441,634027,655627,677165,698427,717770,735363,753421,772401,791201,809842,828708,846899,863559,877045,886420,891687,895151,899647,906409,916255,928908,944122,960781,977150,991314,1002434,1012807,1024457,1037902,1053909,1070367,1082359,1087886,1088402,1085357,1080458,1077375,1080125,1088656,1095930,1095534,1088157,1078718,1071965,1068744,1068298,1069967,1072240,1072659,1068324,1058511,1045339,1033396,1024449,1014627,999385,983193,976321,973904,969458,965244,955957,944069,934615,924729,914560,904241,893895,883620,873401,863134,852755,842402,832257,822330,812574,802931,793383,783979,774721
31,176032,181121,186489,191980,197491,202992,208400,213784,220302,226957,233644,240847,247230,253088,258892,264924,271256,278079,285460,293409,302086,311381,320876,329835,339228,350062,360397,369713,379053,388343,397387,405939,417072,433400,453350,476828,500614,521401,541131,562260,585026,608201,630694,652229,673721,694944,714196,731569,749200,767543,785917,804799,824111,842761,859795,874231,885191,891902,895254,898774,905197,914804,927101,941975,957932,973132,986517,997685,1008644,1020643,1034089,1050002,1066906,1079377,1084975,1085519,1082474,1077564,1074466,1077194,1085701,1092969,1092598,1085270,1075886,1069177,1065987,1065560,1067240,1069522,1069955,1065648,1055878,1042758,1030864,1021958,1012176,996987,980846,974003,971602,967178,962985,953732,941883,932464,922614,912481,902197,891887,881645,871458,861223,850875,840553,830438,820541,810813,801200,791679,782303
32,170025,174619,179689,185084,190624,196176,201680,207052,212406,218889,225507,232196,239383,245750,251598,257381,263399,269710,276469,283786,291689,300304,309581,319056,328024,337439,348262,358574,367935,377345,386644,395683,404229,415358,431617,451424,474726,498319,518922,538493,559474,582118,605212,627639,649129,670574,691709,710750,727733,744780,762728,781307,800584,820306,839312,857234,873133,885441,892025,894434,897632,903822,913093,925070,939282,954139,968602,982017,993723,1005010,1017005,1030357,1046714,1064069,1076587,1082195,1082727,1079665,1074745,1071641,1074363,1082862,1090136,1089796,1082517,1073185,1066518,1063355,1062946,1064637,1066930,1067379,1063101,1053374,1040305,1028458,1019591,1009848,994708,978617,971801,969418,965015,960844,951624,939815,930430,920614,910515,900265,889987,879777,869622,859417,849099,838808,828722,818853,809153,799567,790073
33,164691,168653,173234,178332,183776,189357,194911,200379,205723,211049,217494,224114,230790,237955,244309,250136,255909,261909,268163,274867,282146,289994,298591,307853,317335,326325,335738,346540,356888,366317,375735,385026,394061,402614,413697,429847,449511,472651,496065,516519,535961,556847,579419,602449,624826,646269,667632,688560,707233,723685,740371,758495,777419,797073,817131,836950,856226,873370,885539,891223,893321,896300,902179,911150,922510,935693,949864,964342,978250,990265,1001533,1013420,1027212,1044016,1061399,1073906,1079488,1079993,1076917,1071997,1068903,1071633,1080135,1087422,1087116,1079885,1070601,1063971,1060835,1060444,1062148,1064453,1064920,1060672,1050987,1037967,1026165,1017335,1007629,992536,976493,969704,967339,962958,958809,949622,937851,928499,918716,908650,898432,888186,878007,867881,857706,847417,837155,827097,817256,807583,798023
34,160109,163354,167309,171920,177067,182552,188135,193653,199093,204408,209703,216151,222757,229412,236559,242891,248709,254466,260415,266620,273288,280519,288355,296943,306209,315708,324704,334101,344936,355347,364782,374187,383482,392522,401050,412051,428087,447616,470595,493864,514196,533558,554389,576910,599880,622208,643569,664737,685320,703495,719617,736464,754890,774154,794120,814934,835991,856406,873410,884731,890117,892013,894701,900302,908693,919095,931639,945828,960759,974943,986927,998056,1010372,1024631,1041459,1058815,1071278,1076822,1077305,1074225,1069321,1066250,1068999,1077512,1084815,1084541,1077355,1068117,1061522,1058411,1058038,1059757,1062076,1062562,1058344,1048700,1035728,1023969,1015174,1005504,990457,974461,967700,965353,960995,956868,947713,935979,926658,916907,906872,896686,886471,876321,866225,856079,845818,835584,825554,815738,806092
35,156288,158799,162043,166031,170693,175883,181370,186916,192406,197816,203099,208404,214838,221422,228062,235183,241502,247304,253016,258921,265094,271719,278947,286774,295365,304653,314149,323132,332566,343457,353869,363290,372702,382003,391023,399487,410406,426334,445734,468575,491725,511981,531302,552090,574551,597465,619711,640886,661735,681852,699716,715975,733097,751837,771397,792050,813984,836090,856367,872581,883615,888810,890429,892857,897916,905419,915239,927801,942404,957595,971722,983506,995060,1007882,1022166,1038967,1056267,1068677,1074187,1074659,1071590,1066715,1063678,1066453,1074981,1082299,1082056,1074912,1065716,1059156,1056070,1055717,1057451,1059785,1060290,1056101,1046498,1033572,1021856,1013095,1003461,988458,972510,965776,963447,959111,955006,945883,934185,924895,915175,905171,895015,884829,874709,864641,854523,844290,834083,824079,814290
36,153143,154995,157512,160793,164834,169543,174736,180187,185705,191164,196540,201832,207129,213540,220109,226727,233830,240131,245891,251562,257438,263574,270200,277413,285251,293865,303149,312633,321651,331142,342029,352424,361852,371273,380554,389514,397917,408761,424589,443875,466601,489674,509889,529169,549903,572308,595139,617205,638088,658509,678330,696307,712815,730222,749228,769414,791098,813985,835960,855505,871445,882296,887226,888604,890522,894752,901721,911566,924521,939366,954458,968321,980537,992638,1005483,1019745,1036492,1053729,1066090,1071579,1072055,1069012,1064175,1061179,1063983,1072525,1079858,1079642,1072537,1063383,1056856,1053796,1053464,1055214,1057564,1058090,1053930,1044367,1031486,1019811,1011085,1001485,986528,970625,963918,961608,957295,953212,944119,932456,923196,913507,903533,893407,883251,873159,863119,853028,842822,832642,822664
37,150483,151860,153725,156281,159620,163712,168425,173584,179007,184493,189918,195302,200585,205864,212261,218808,225410,232489,238749,244469,250114,255954,262095,268710,275934,283793,292409,301676,311193,320265,329756,340623,351024,360465,369870,379096,387998,396343,407112,422847,442040,464698,487718,507892,527124,547804,570126,592789,614580,635072,655215,675124,693315,710088,727744,747323,768440,790981,813746,835045,854338,870103,880693,885390,886290,887434,891174,898179,908399,921585,936294,951067,965372,978161,990284,1003109,1017325,1034012,1051192,1063517,1068999,1069493,1066485,1061694,1058741,1061573,1070129,1077474,1077284,1070217,1061103,1054610,1051577,1051265,1053033,1055400,1055946,1051816,1042292,1029456,1017822,1009130,999565,984652,968794,962115,959824,955533,951471,942409,930781,921551,911892,901948,891851,881724,871660,861647,851583,841404,831250
38,148061,149202,150597,152505,155123,158517,162617,167299,172432,177824,183275,188706,194078,199341,204613,210990,217520,224100,231136,237355,243050,248660,254505,260638,267263,274509,282374,290975,300274,309834,318909,328384,339256,349669,359093,368444,377619,386473,394756,405464,421123,440265,462876,485837,505955,525138,545745,567907,590311,611738,631976,652193,672284,690706,707701,725875,746300,768206,790633,812781,833842,852967,868487,878845,883080,883246,883941,887725,895097,905538,918555,932910,948139,963027,975834,987938,1000722,1014886,1031520,1048654,1060958,1066447,1066968,1064002,1059259,1056349,1059208,1067775,1075131,1074964,1067934,1058861,1052403,1049397,1049108,1050895,1053279,1053846,1049746,1040262,1027470,1015877,1007219,997688,982818,967005,960353,958081,953813,949773,940741,929148,919948,910318,900404,890336,880237,870201,860215,850178,840025
39,145656,146778,147940,149379,151353,154033,157438,161511,166169,171273,176629,182085,187504,192853,198109,203368,209726,216234,222776,229768,235959,241618,247238,253070,259211,265862,273116,280970,289602,298942,308506,317561,327045,337928,348319,357697,367007,376131,384928,393162,403810,419441,438551,461108,484002,504062,523174,543631,565557,587621,608812,629112,649490,669776,688393,705862,724807,745944,767739,789606,811530,832441,851329,866618,876531,880060,879803,880555,884699,892285,902534,915177,929999,945812,960711,973498,985564,998303,1012421,1029013,1046116,1058411,1063916,1064472,1061551,1056856,1053987,1056871,1065447,1072812,1072669,1065677,1056644,1050221,1047244,1046979,1048785,1051188,1051777,1047707,1038262,1025514,1013961,1005337,995841,981015,965246,958622,956369,952123,948106,939105,927546,918376,908776,898891,888852,878781,868772,858813,848802
40,143092,144367,145511,146717,148226,150267,152962,156344,160397,165030,170099,175459,180902,186294,191636,196879,202124,208461,214932,221434,228390,234547,240212,245825,251668,257833,264491,271735,279615,288290,297627,307170,316237,325740,336604,346943,356285,365547,374621,383364,391559,402199,417808,436876,459362,482188,502170,521146,541389,563001,584846,606083,626523,647075,667528,686567,704735,724329,745364,766648,788305,810091,830769,849436,864295,873516,876636,876448,877553,881911,889280,899153,912279,927678,943497,958372,971121,983147,995846,1009930,1026493,1043576,1055872,1061401,1061994,1059118,1054469,1051639,1054547,1063130,1070503,1070384,1063430,1054439,1048054,1045107,1044866,1046693,1049115,1049726,1045686,1036280,1023576,1012064,1003473,994011,979229,963505,956909,954676,950454,946459,937489,925965,916824,907254,897398,887389,877346,867364,857432
41,140251,141795,143092,144278,145556,147137,149197,151873,155239,159271,163872,168945,174292,179706,185090,190418,195644,200874,207177,213609,220078,226998,233163,238818,244426,250293,256467,263120,270392,278316,286986,296306,305857,314945,324431,335245,345549,354846,364060,373083,381785,389981,400626,416200,435207,457621,480356,500209,518990,538949,560359,582238,603590,624184,644882,665705,685373,704133,723633,744201,765289,786817,808384,828857,847104,861296,870116,873285,873434,874760,878876,885871,896251,909947,925352,941146,955980,968689,980679,993350,1007413,1023958,1041030,1053333,1058888,1059519,1056687,1052083,1049290,1052219,1060809,1068192,1068097,1061182,1052235,1045888,1042972,1042758,1044606,1047048,1047682,1043672,1034305,1021644,1010172,1001616,992189,977451,961772,955205,952993,948795,944824,935885,924396,915285,905744,895918,885937,875922,865968
42,137145,138945,140509,141846,143104,144457,146059,148104,150770,154121,158124,162730,167791,173106,178511,183881,189190,194401,199604,205869,212271,218703,225625,231767,237426,243060,248937,255105,261781,269099,277022,285672,295002,304570,313640,323087,333861,344126,353374,362540,371523,380229,388441,399064,414588,433534,455858,478452,498115,516641,536417,557853,579828,601312,622029,643057,664453,684654,703323,722392,742778,763745,785068,806436,826505,844120,857913,866760,870247,870612,871656,875386,882925,893892,907597,922978,938731,953522,966197,978162,990816,1004868,1021403,1038470,1050783,1056366,1057034,1054245,1049684,1046927,1049876,1058473,1065865,1065796,1058922,1050020,1043713,1040831,1040643,1042514,1044976,1045632,1041652,1032324,1019708,1008276,999754,990363,975670,960038,953500,951310,947137,943190,934283,922828,913747,904236,894439,884488,874501
43,133917,135829,137647,139246,140654,141990,143365,144954,146993,149650,152976,156987,161584,166612,171918,177309,182657,187949,193134,198306,204541,210905,217350,224245,230379,236056,241702,247573,253767,260489,267806,275707,284375,293716,303264,312301,321715,332449,342663,351865,360990,369974,378693,386888,397486,412961,431826,454011,476416,495838,514196,533995,555516,577606,599191,620206,641743,663614,683733,702002,720898,741174,761945,783079,804067,823530,840753,854557,863692,867377,867402,868004,872332,880519,891501,905188,920530,936240,950993,963643,975595,988241,1002290,1018821,1035887,1048211,1053821,1054525,1051776,1047257,1044535,1047505,1056109,1063511,1063470,1056639,1047785,1041520,1038671,1038512,1040405,1042887,1043565,1039616,1030327,1017756,1006366,997879,988525,973879,958294,951787,949620,945472,941549,932674,921255,912204,902723,892956,883034
44,130697,132588,134518,136367,138035,139521,140878,142242,143828,145864,148501,151839,155844,160407,165428,170721,176087,181417,186683,191836,196981,203186,209558,215971,222858,229009,234696,240335,246233,252469,259192,266491,274410,283088,292415,301922,310934,320318,330996,341158,350321,359449,368446,377142,385318,395878,411282,430029,452034,474202,493457,511842,531721,553338,575507,597358,618834,640805,662589,682322,700429,719222,739312,759908,780682,801096,820178,837398,851457,860761,864023,863514,864786,869860,878068,889040,902695,917997,933668,948392,961027,972974,985621,999672,1016203,1033269,1045604,1051238,1051977,1049268,1044790,1042103,1045094,1053707,1061121,1061110,1054323,1045519,1039297,1036484,1036353,1038269,1040771,1041472,1037553,1028304,1015779,1004432,995982,986666,972068,956532,950057,947913,943791,939893,931050,919667,910647,901197,891460
45,127515,129352,131262,133218,135134,136881,138386,139731,141093,142682,144702,147354,150692,154665,159223,164233,169499,174845,180149,185381,190509,195634,201842,208186,214589,221482,227641,233318,238985,244928,251162,257866,265184,273119,281783,291067,300548,309524,318863,329490,339608,348773,357911,366889,375558,383707,394214,409514,428104,449886,471878,491154,509609,529577,551265,573667,595930,617797,639677,661097,680670,698678,717291,737213,757468,777701,797747,816824,834274,848478,857252,859865,860105,862225,867330,875537,886486,900106,915372,931012,945717,958347,970296,982950,997007,1013538,1030602,1042947,1048605,1049377,1046707,1042270,1039619,1042632,1051255,1058683,1058704,1051965,1043212,1037035,1034258,1034155,1036094,1038617,1039340,1035452,1026245,1013767,1002464,994053,984778,970229,954744,948302,946181,942086,938212,929403,918056,909067,899649
46,124333,126150,128006,129941,131963,133958,135719,137210,138554,139922,141499,143539,146196,149503,153475,158025,163006,168252,173572,178841,184044,189151,194290,200468,206800,213216,220103,226254,231957,237666,243606,249825,256549,263879,271801,280421,289681,299133,308065,317357,327937,338055,347228,356339,365283,373925,382029,392458,407618,426009,447629,469619,488946,507480,527519,549416,572186,594805,616571,638103,659358,678828,696665,715125,734727,754466,774348,794379,813672,831242,844807,852817,856250,857433,859593,864706,872900,883824,897415,912653,928272,942965,955596,967555,980218,994281,1010812,1027873,1040225,1045905,1046709,1044078,1039684,1037071,1040108,1048743,1056187,1056242,1049553,1040853,1034722,1031981,1031907,1033869,1036412,1037158,1033303,1024139,1011710,1000454,992084,982851,968353,952920,946511,944415,940347,936499,927723,916414,907458
47,121019,122943,124780,126659,128660,130763,132768,134513,136000,137352,138711,140311,142361,144989,148299,152269,156791,161753,166972,172255,177495,182679,187799,192913,199078,205422,211836,218709,224877,230620,236328,242249,248488,255229,262544,270429,279027,288257,297661,306547,315797,326371,336491,345638,354714,363626,372215,380246,390565,405554,423802,445413,467434,486825,505428,525650,547886,570976,593488,614920,636281,657432,676728,694416,712578,731688,751096,770962,791197,810589,827420,840098,848984,853447,854673,856852,861964,870144,881048,894618,909836,925442,940131,952769,964739,977412,991481,1008009,1025064,1037421,1043122,1043959,1041369,1037019,1034446,1037511,1046160,1053622,1053713,1047075,1038429,1032345,1029641,1029596,1031581,1034145,1034916,1031095,1021976,1009599,998392,990065,980875,966430,951051,944676,942605,938565,934744,926003,914733
48,117347,119603,121545,123403,125350,127434,129543,131528,133268,134764,136107,137490,139104,141127,143764,147077,151020,155526,160463,165644,170895,176117,181314,186404,191512,197692,204029,210432,217319,223526,229259,234946,240887,247143,253873,261150,269013,277588,286770,296123,304971,314223,324794,334878,343986,353025,361875,370396,378334,388510,403380,421630,443258,465315,484764,503537,524075,546596,569573,591749,613013,634270,655238,674388,691794,709491,728282,747678,767739,788058,806633,822478,836071,846046,850540,851789,853978,859089,867261,878155,891711,906919,922517,937207,949854,961835,974517,988589,1005112,1022158,1034518,1040241,1041112,1038565,1034264,1031735,1034829,1043494,1050975,1051102,1044517,1035927,1029889,1027222,1027207,1029216,1031803,1032600,1028816,1019745,1007423,996268,987984,978839,964449,949125,942786,940740,936729,932936,924232
49,113108,115904,118174,120134,122061,124094,126182,128269,130246,131994,133480,134846,136247,137836,139873,142518,145808,149739,154222,159119,164267,169504,174735,179898,184987,190114,196288,202616,209031,215946,222135,227851,233557,239514,245755,252446,259707,267547,276076,285208,294522,303369,312620,323151,333188,342254,351228,360010,368435,376251,386339,401221,419493,441153,463244,482844,501911,522711,545108,567755,589756,610910,631987,652802,671681,688640,706038,724818,744401,764538,783987,801515,818297,833001,842984,847490,848756,850957,856074,864248,875140,888692,903894,919489,934180,946835,958826,971514,985586,1002101,1019137,1031501,1037246,1038154,1035654,1031404,1028922,1032048,1040730,1048230,1048395,1041863,1033329,1027340,1024712,1024728,1026764,1029374,1030201,1026455,1017435,1005170,994068,985831,976732,962398,947131,940829,938811,934830,931066
50,108226,111642,114446,116728,118756,120772,122807,124872,126948,128934,130669,132177,133562,134935,136542,138595,141220,144503,148414,152859,157725,162858,168102,173298,178462,183568,188694,194855,201196,207637,214534,220697,226429,232150,238091,244296,250973,258215,266012,274494,283585,292894,301743,310949,321428,331413,340412,349310,358002,366305,374055,384174,399084,417392,439076,461299,481157,500466,521142,543213,565674,587560,608536,629458,650007,668447,685125,702518,721481,741132,760360,778741,797217,815097,829786,839761,844274,845560,847783,852916,861101,871999,885551,900750,916342,931032,943693,955691,968382,982454,998959,1015985,1028353,1034124,1035072,1032622,1028428,1025995,1029153,1037851,1045371,1045575,1039097,1030623,1024684,1022097,1022146,1024209,1026847,1027704,1024000,1015033,1002827,991781,983591,974541,960266,945058,938795,936805,932857
51,102777,106744,110158,112964,115311,117430,119445,121456,123510,125596,127566,129320,130846,132200,133594,135222,137258,139883,143150,147026,151442,156296,161436,166643,171839,177017,182118,187242,193418,199780,206199,213062,219241,224982,230681,236592,242785,249440,256642,264398,272844,281927,291227,300032,309190,319609,329515,338438,347248,355820,364056,371845,382015,396972,415314,437111,459554,479634,498809,519165,541049,563387,585085,605902,626573,646695,664853,681527,699104,718129,736837,754997,774339,793888,811734,826394,836355,840880,842196,844451,849611,857813,868722,882276,897471,913057,927744,940408,952410,965104,979173,995669,1012685,1025060,1030860,1031851,1029454,1025317,1022935,1026127,1034841,1042380,1042624,1036204,1027790,1021905,1019362,1019447,1021541,1024206,1025095,1021435,1012523,1000380,989392,981252,972252,958039,942894,936672,934712
52,96996,101286,105242,108646,111510,113946,116059,118049,120049,122115,124185,126170,127941,129431,130806,132225,133838,135880,138493,141728,145579,149985,154851,159954,165157,170366,175535,180634,185779,191972,198315,204702,211568,217751,223473,229139,235031,241210,247831,254990,262710,271147,280218,289464,298222,307320,317655,327476,336308,345007,353513,361788,369636,379866,394866,413317,435317,457948,477884,496744,516909,538663,560814,582357,602930,623188,643018,661167,678021,695654,713692,731319,750469,770877,790378,808176,822802,832754,837301,838658,840956,846149,854374,865295,878849,894036,909613,924293,936957,948963,961659,975728,992216,1009224,1021607,1027436,1028473,1026132,1022054,1019725,1022950,1031681,1039240,1039525,1033165,1024818,1018990,1016492,1016616,1018742,1021437,1022361,1018745,1009892,997813,986886,978798,969853,955704,940625,934446
53,91177,95501,99773,103706,107160,110107,112530,114616,116593,118608,120658,122741,124741,126470,127980,129382,130785,132410,134445,137030,140248,144093,148519,153339,158442,163659,168852,174020,179136,184303,190473,196775,203174,210038,216188,221873,227529,233408,239551,246134,253257,260974,269397,278409,287596,296291,305310,315547,325278,334007,342640,351173,359502,367414,377714,392831,411477,433641,456104,475717,494387,514428,535994,557983,579281,599455,619423,639239,657549,674460,691049,707965,726630,746869,767215,786655,804402,818998,828952,833531,834940,837288,842519,850767,861696,875247,890422,905985,920656,933321,945332,958032,972101,988583,1005582,1017974,1023835,1024919,1022634,1018618,1016343,1019604,1028351,1035931,1036261,1029966,1021688,1015921,1013473,1013637,1015796,1018523,1019482,1015914,1007121,995112,984248,976216,967327,953248,938239
54,85585,89681,93983,98222,102195,105724,108648,111037,113108,115103,117101,119163,121261,123211,124957,126494,127879,129299,130920,132930,135501,138722,142589,146976,151798,156914,162112,167303,172490,177622,182768,188899,195211,201601,208426,214536,220205,225849,231695,237797,244346,251466,259171,267534,276485,285600,294202,303135,313282,322900,331567,340227,348804,357191,365182,375610,390917,409721,431709,453836,473254,491800,511659,533064,554810,575718,595607,615553,635514,653865,669654,685061,703079,722881,743049,763323,782699,800400,814976,824940,829561,831030,833431,838699,846967,857902,871444,886605,902152,916814,929481,941499,954205,968276,984750,1001741,1014141,1020034,1021166,1018940,1014987,1012768,1016066,1024833,1032436,1032814,1026588,1018384,1012680,1010285,1010491,1012686,1015445,1016441,1012923,1004195,992258,981463,973490,964661,950655
55,80450,84088,88161,92423,96694,100733,104226,107107,109476,111564,113542,115552,117629,119672,121637,123408,124924,126327,127744,129343,131348,133932,137178,141013,145403,150241,155329,160527,165732,170927,176041,181154,187295,193595,199940,206715,212803,218464,224072,229879,235950,242498,249605,257242,265542,274415,283434,291954,300798,310833,320384,329074,337771,346401,354854,362979,373610,389071,407703,429360,451266,470549,488923,508625,529796,551156,571775,591638,611722,631705,648832,663329,679916,699170,718894,738982,759182,778499,796162,810727,820709,825378,826908,829362,834664,842949,853885,867417,882561,898093,912747,925418,937445,950158,964231,980697,997677,1010084,1016008,1017189,1015024,1011139,1008980,1012319,1021106,1028735,1029163,1023010,1014885,1009249,1006907,1007158,1009389,1012183,1013218,1009753,1001094,989234,978512,970603,961838
56,75893,78945,82564,86596,90886,95215,99205,102643,105494,107878,109947,111936,113962,115980,118035,120024,121768,123303,124702,126097,127694,129718,132338,135556,139402,143807,148618,153707,158911,164126,169293,174375,179502,185625,191881,198181,204924,210997,216619,222185,227965,234036,240569,247607,255182,263402,272166,281094,289530,298278,308243,317808,326524,335262,343953,352531,360860,371649,386945,405266,426694,448452,467553,485775,505255,526048,547117,567699,587694,607782,626439,642112,657867,675833,695002,714640,734649,754780,774047,791680,806237,816241,820958,822549,825054,830388,838685,849621,863142,878270,893788,908435,921111,933149,945869,959943,976398,993363,1005775,1011731,1012963,1010863,1007050,1004957,1008339,1017149,1024805,1025288,1019212,1011169,1005603,1003319,1003616,1005885,1008715,1009793,1006385,997799,986022,975378,967535
57,71891,74372,77413,80994,85053,89396,93664,97588,100984,103843,106203,108280,110287,112249,114279,116357,118313,120075,121603,122977,124374,126001,128069,130662,133897,137763,142142,146956,152057,157260,162443,167580,172671,177786,183855,190058,196330,203053,209078,214656,220202,225975,232026,238488,245462,252956,261066,269740,278577,286917,295608,305580,315158,323906,332703,341503,350264,358754,369402,384404,402511,423785,445339,464277,482288,501415,521915,542934,563633,583620,602290,619333,636327,653593,671472,690550,710104,730038,750109,769331,786935,801487,811511,816275,817924,820478,825840,834150,845086,858596,873709,889214,903856,916538,928585,941312,955383,971823,988771,1001186,1007176,1008463,1006433,1002697,1000675,1004104,1012938,1020623,1021162,1015168,1007211,1001720,999495,999841,1002151,1005020,1006143,1002796,994289,982600,972038
58,68366,70346,72824,75833,79445,83556,87832,92024,95893,99288,102114,104475,106569,108506,110480,112535,114577,116548,118297,119796,121172,122601,124280,126326,128951,132213,136054,140438,145263,150357,155526,160672,165817,170890,175957,181976,188147,194398,201063,207041,212592,218127,223882,229858,236249,243147,250527,258544,267138,275872,284158,292864,302836,312430,321226,330114,339087,347994,356351,366732,381537,399511,420576,441951,460672,478336,497176,517624,538743,559414,577882,594836,613266,631847,649021,666809,685797,705272,725139,745153,764332,781908,796451,806490,811296,813002,815603,820994,829318,840256,853756,868855,884348,898984,911672,923727,936456,950521,966944,983872,996290,1002315,1003661,1001707,998056,996108,999588,1008447,1016162,1016760,1010851,1002984,997572,995410,995808,998163,1001073,1002245,998963,990540,978946
59,65232,66788,68774,71228,74274,77943,81983,86177,90305,94163,97511,100328,102701,104719,106667,108667,110683,112739,114692,116406,117904,119316,120807,122468,124553,127212,130450,134303,138699,143513,148569,153703,158850,163965,168991,174010,179996,186145,192343,198945,204893,210430,215936,221614,227522,233830,240610,247904,255843,264336,273017,281313,290021,299992,309615,318496,327538,336640,345409,353516,363738,378426,396213,417095,438224,456593,473985,492772,513311,534384,553420,570082,588509,608579,627047,644126,661826,680731,700133,719937,739894,759027,776569,791096,801144,805990,807751,810401,815824,824165,835106,848599,863684,879163,893791,906481,918541,931270,945328,961729,978635,991057,997121,998532,996659,993097,991231,994763,1003648,1011392,1012052,1006232,998462,993132,991038,991492,993894,996849,998073,994862,986528
60,62363,63612,65183,67152,69652,72763,76362,80319,84443,88551,92350,95677,98495,100782,102808,104783,106741,108772,110807,112718,114428,115965,117440,118909,120617,122747,125384,128644,132510,136902,141675,146686,151823,156936,161998,166969,171962,177926,184014,190152,196714,202637,208140,213568,219169,224993,231183,237875,245096,252940,261381,270064,278359,287068,297055,306739,315753,324912,333870,342384,350349,360487,375020,392643,413275,434027,452109,469453,488329,508809,528133,545255,563473,583618,603552,621906,638893,656510,675338,694670,714410,734307,753387,770886,785387,795440,800323,802143,804844,810304,818664,829612,843097,858167,873628,888245,900934,912996,925722,939769,956148,973030,985457,991563,993044,991259,987793,986011,989597,998508,1006282,1007006,1001281,993613,988372,986351,986865,989318,992322,993601,990464
61,59614,60695,61965,63527,65552,68125,71171,74690,78577,82676,86715,90478,93794,96511,98798,100850,102781,104757,106763,108750,110654,112400,113999,115457,116976,118734,120844,123512,126796,130655,135003,139741,144751,149842,154891,159894,164837,169820,175720,181748,187845,194369,200246,205661,211006,216520,222221,228331,234955,242089,249886,258322,266993,275282,284003,294031,303821,312940,321945,330649,339016,346921,356946,371337,388730,408989,429420,447434,464860,483676,502313,519606,538348,558375,578370,598166,616407,633308,650848,669600,688861,708531,728359,747376,764822,779290,789342,794264,796147,798907,804408,812790,823744,837220,852271,867710,882311,894996,907057,919779,933814,950168,967026,979458,985611,987166,985474,982109,980416,984058,992994,1000798,1001590,995966,988407,983262,981319,981898,984405,987460,988798
62,56864,57896,59002,60269,61894,64002,66516,69489,72942,76804,80827,84819,88558,91755,94462,96768,98770,100719,102668,104624,106603,108539,110347,111927,113435,115012,116753,118904,121600,124874,128698,133009,137740,142708,147723,152715,157685,162609,167538,173371,179359,185416,191878,197652,202977,208231,213615,219240,225283,231829,238920,246725,255138,263781,272080,280835,290946,300817,309771,318529,327079,335384,343202,353121,367310,384356,404284,424603,442682,460040,476944,493468,512435,533039,552904,572747,592404,610536,627355,644819,663493,682677,702269,722017,740959,758341,772771,782821,787785,789736,792560,798105,806511,817471,830934,845961,861374,875953,888631,900690,913406,927428,943757,960589,973028,979230,980864,979270,976010,974410,978110,987071,994906,995770,990254,982813,977770,975910,976558,979123,982232
63,54045,55096,56154,57259,58597,60315,62369,64818,67732,71164,74950,78920,82876,86480,89651,92365,94612,96631,98551,100447,102394,104405,106402,108182,109813,111378,112934,114727,116913,119609,122852,126642,130950,135630,140518,145468,150422,155369,160237,165108,170901,176842,182828,189168,194843,200068,205190,210495,216062,222031,228542,235645,243420,251798,260431,268749,277585,287753,297447,306156,314755,323244,331458,339192,348952,362820,379565,399368,419698,437683,453061,467800,486055,506920,527341,547041,566730,586251,604276,621015,638400,656990,676088,695589,715245,734100,751410,765796,775844,780854,782879,785772,791364,799794,810757,824204,839201,854582,869136,881805,893860,906570,920579,936881,953685,966130,972383,974099,972607,969459,967956,971717,980703,988571,989511,984110,976795,971862,970092,970813,973438
64,51123,52230,53307,54364,55544,56982,58651,60649,63048,65949,69309,73039,76966,80774,84336,87500,90141,92399,94383,96246,98134,100118,102189,104148,105978,107664,109207,110817,112652,114837,117506,120724,124517,128771,133371,138185,143093,148022,152906,157708,162552,168293,174152,180020,186242,191800,196882,201923,207174,212671,218616,225142,232216,239947,248303,256934,265318,274209,284190,293626,302175,310711,319107,327231,334827,344315,357911,374544,394341,414529,430426,443566,460120,480343,501005,521238,540769,560306,579690,597608,614262,631563,650058,669057,688455,708005,726765,743996,758334,768380,773439,775545,778510,784150,792603,803566,816991,831954,847297,861823,874480,886532,899235,913230,929501,946275,958725,965030,966832,965448,962416,961016,964840,973852,981754,982776,977499,970319,965503,963827,964626
65,48088,49269,50398,51470,52604,53889,55281,56901,58857,61253,64091,67399,71085,74856,78609,82148,85222,87862,90075,91997,93849,95779,97819,99850,101857,103737,105389,106988,108653,110482,112649,115297,118525,122264,126436,130961,135727,140612,145467,150281,155056,159849,165507,171237,176984,183071,188468,193470,198454,203642,209125,215089,221580,228604,236309,244647,253320,261748,270456,280174,289438,297922,306370,314667,322640,329988,339253,352764,369407,389040,407017,420535,435570,454211,474220,494673,514713,534076,553457,572701,590506,607069,624275,642663,661550,680832,700265,718918,736063,750351,760396,765507,767697,770738,776427,784901,795860,809259,824181,839483,853976,866622,878669,891364,905342,921580,938318,950771,957130,959021,957750,954841,953549,957440,966479,974417,975526,970381,963345,958654,957078
66,44956,46203,47402,48522,49669,50908,52148,53497,55083,57045,59387,62181,65448,68975,72684,76401,79833,82891,85470,87610,89522,91416,93403,95400,97475,99531,101368,103075,104727,106382,108197,110350,113016,116194,119854,123952,128429,133164,137966,142750,147533,152249,156968,162484,168089,173694,179604,184910,189855,194780,199953,205450,211383,217821,224817,232493,240860,249552,257793,266255,275789,284978,293374,301714,309852,317560,324707,333943,347484,363984,381343,396801,412236,429453,447882,467671,487907,507752,526941,546163,565258,582941,599404,616503,634770,653530,672684,691989,710528,727580,741813,751855,757021,759299,762418,768156,776649,787601,800969,815846,831101,845559,858190,870231,882916,896875,913075,929773,942225,948639,950623,949470,946693,945516,949477,958543,966518,967719,962715,955832,951274
67,41774,43051,44310,45493,46685,47937,49128,50326,51647,53247,55164,57471,60233,63346,66809,70474,74071,77471,80449,82940,85062,87010,88964,90899,92946,95063,97062,98958,100712,102349,103986,105799,107982,110599,113698,117292,121342,125784,130436,135162,139904,144623,149252,153842,159224,164679,170106,175908,181143,186021,190940,196134,201599,207471,213874,220839,228533,236903,245394,253393,261684,271133,280222,288502,296672,304538,312030,319167,328484,341908,356157,370977,388302,405904,422911,441121,460679,480694,500337,519347,538398,557334,574884,591233,608211,626344,644965,663977,683144,701559,718511,732684,742721,747944,750312,753512,759298,767808,778750,792082,806908,822113,836531,849145,861178,873851,887786,903942,920593,933042,939512,941593,940566,937927,936871,940907,950001,958014,959313,954458,947739
68,38603,39859,41144,42381,43630,44922,46122,47270,48442,49783,51347,53237,55521,58138,61191,64609,68146,71697,74998,77869,80326,82476,84483,86392,88376,90456,92516,94564,96494,98232,99849,101489,103328,105466,108010,111051,114596,118616,122974,127542,132226,136898,141521,146011,150468,155699,160966,166285,172001,177167,182036,186973,192125,197526,203361,209725,216699,224388,232553,240793,248623,256849,266193,275143,283238,291126,298759,306229,313469,322719,333928,345740,362409,381776,399140,415929,433910,453232,473017,492448,511267,530137,548900,566302,582524,599368,617352,635821,654680,673696,691976,708821,722927,732956,738236,740698,743979,749815,758339,769268,782559,797330,812478,826852,839446,851467,864123,878030,894136,910733,923175,929702,931885,930990,928498,927572,931685,940808,948860,950261,945565
69,35481,36689,37949,39206,40503,41847,43080,44233,45355,46550,47859,49404,51281,53430,55996,59008,62296,65781,69218,72394,75213,77689,79887,81841,83791,85809,87825,89927,92011,93911,95622,97234,98913,100707,102775,105272,108265,111789,115727,120002,124527,129128,133692,138161,142519,146831,151866,157024,162266,167888,173033,177919,182809,187891,193247,199036,205401,212371,219855,227761,235825,243594,251731,260918,269661,277468,285108,292700,300255,307455,314552,323404,337093,355743,374816,391931,408492,426238,445313,464856,484063,502678,521351,539925,557163,573244,589940,607761,626064,644756,663610,681745,698470,712503,722521,727857,730416,733782,739666,748204,759116,772361,787070,802155,816479,829047,841054,853688,867561,883609,900146,912577,919162,921452,920697,918361,917571,921765,930915,939006,940516
70,32408,33577,34787,36015,37326,38711,39988,41169,42292,43436,44602,45898,47438,49189,51297,53831,56719,59954,63317,66616,69720,72542,75050,77180,79171,81154,83101,85163,87291,89331,91197,92897,94550,96173,97906,99932,102390,105374,108816,112675,116905,121340,125822,130229,134553,138757,142887,147807,152881,158036,163623,168773,173600,178408,183442,188749,194531,200885,207647,214884,222611,230599,238287,246284,255241,263660,271213,278802,286463,293958,299018,303826,314604,330306,348646,367409,384265,400590,418088,436905,456191,475159,493554,512012,530378,547437,563362,579895,597539,615662,634174,652851,670828,687424,701374,711376,716770,719428,722880,728814,737363,748253,761446,776086,791100,805367,817905,829891,842500,856332,872314,888782,901199,907843,910245,909638,907465,906819,911097,920274,928405
71,29389,30527,31694,32869,34147,35537,36848,38066,39213,40354,41467,42622,43919,45342,47061,49148,51569,54409,57521,60738,63952,67042,69875,72292,74456,76474,78376,80367,82450,84528,86522,88368,90102,91697,93260,94950,96950,99405,102317,105683,109504,113643,117951,122264,126516,130676,134687,138719,143556,148541,153665,159234,164306,169033,173791,178762,184054,189824,195977,202496,209557,217212,225112,232654,240428,249042,257180,264667,272303,279887,285192,287974,294813,307671,323094,341107,359546,376131,392208,409447,427988,447001,465711,483867,502092,520232,537094,552848,569203,586654,604582,622899,641384,659189,675643,689502,699483,704934,707694,711236,717218,725776,736640,749773,764335,779269,793471,805973,817933,830509,844295,860203,876593,888991,895695,898214,897761,895761,895266,899631,908833
72,26449,27543,28675,29804,31024,32374,33684,34930,36108,37266,38373,39473,40630,41816,43216,44924,46909,49293,52016,54983,58110,61291,64373,67098,69529,71704,73632,75574,77586,79611,81631,83600,85474,87138,88663,90187,91862,93862,96253,99099,102437,106165,110173,114308,118458,122533,126485,130399,134366,139113,144061,149171,154640,159588,164249,168933,173888,179160,184726,190645,196994,203999,211566,219294,226609,234054,242367,250404,257925,265470,270826,273819,278691,287701,300319,315450,333119,351217,367518,383334,400298,418546,437265,455697,473594,491565,509458,526106,541673,557835,575077,592794,610899,629177,646794,663093,676851,686804,692312,695177,698809,704840,713403,724234,737300,751774,766618,780746,793205,805133,817670,831400,847225,863528,875901,882666,885305,885014,883196,882859,887314
73,23611,24652,25735,26825,27993,29280,30546,31786,32984,34167,35285,36374,37475,38523,39691,41089,42707,44665,46943,49530,52408,55491,58650,61601,64315,66743,68810,70773,72736,74683,76642,78631,80614,82409,83996,85480,86984,88666,90613,92947,95774,99025,102625,106459,110421,114384,118248,122096,125938,129834,134544,139471,144477,149788,154647,159223,163879,168807,173875,179216,184973,191278,198199,205590,213067,220049,227208,235396,243434,250847,256145,259205,264278,271331,280176,292542,307364,324674,342414,358414,373955,390625,408559,426963,445094,462712,480407,498033,514447,529811,545763,562779,580267,598143,616196,633610,649739,663384,673304,678867,681840,685563,691641,700203,710995,723984,738360,753103,767147,779554,791443,803934,817601,833332,849536,861878,868703,871468,871346,869718,869547
74,20897,21876,22903,23940,25061,26289,27488,28681,29870,31064,32199,33294,34379,35369,36402,37574,38891,40493,42358,44514,47017,49853,52905,55916,58837,61521,63817,65909,67879,69770,71645,73573,75572,77462,79162,80702,82165,83675,85313,87214,89547,92293,95419,98844,102503,106274,110017,113766,117541,121307,125190,129871,134683,139531,144721,149465,154001,158625,163341,168188,173375,179098,185337,192086,199212,206336,213029,220075,228235,236121,241303,244329,249435,256639,263564,272236,284336,298836,315766,333128,348811,364058,380415,398013,416077,433885,451199,468596,485933,502095,517238,532963,549734,566974,584602,602412,619605,635549,649068,658947,664564,667645,671460,677581,686139,696883,709784,724049,738679,752628,764975,776817,789253,802847,818472,834567,846870,853754,856647,856702,855273
75,18342,19237,20198,21175,22237,23409,24547,25672,26810,27987,29126,30231,31315,32287,33260,34298,35397,36707,38227,39984,42070,44538,47338,50235,53194,56058,58593,60894,62978,64865,66677,68518,70451,72345,74135,75778,77286,78753,80218,81815,83727,85991,88624,91582,94838,98303,101847,105469,109137,112828,116576,120453,125008,129643,134366,139416,144094,148586,152988,157487,162192,167355,173015,179090,185573,192341,199153,205728,212759,220738,226418,229348,234357,241545,248600,255390,263879,275701,289861,306392,323356,338702,353635,369657,386894,404594,422052,439039,456115,473140,489029,503933,519412,535919,552893,570253,587799,604752,620493,633873,643701,649369,652558,656465,662626,671172,681859,694661,708802,723306,737147,749424,761210,773581,787092,802598,818569,830825,837766,840791,841029
76,15968,16767,17642,18551,19546,20650,21730,22792,23860,24981,26097,27200,28285,29252,30201,31177,32145,33243,34482,35907,37611,39667,42102,44747,47582,50473,53168,55678,57951,59934,61737,63505,65350,67173,68959,70676,72275,73782,75199,76628,78243,80098,82255,84732,87530,90591,93832,97253,100789,104367,108034,111768,115527,119901,124404,128978,133926,138537,142794,146984,151340,156032,161146,166648,172456,178583,185030,191701,198251,205120,210940,214393,219222,226246,233265,240163,246810,255109,266638,280441,296551,313092,328080,342678,358341,375192,392501,409584,426219,442949,459639,475234,489881,505094,521316,538001,555072,572334,589026,604545,617770,627538,633251,636548,640545,646742,655268,665888,678577,692580,706943,720663,732859,744578,756874,770289,785661,801493,813692,820689,823849
77,13780,14486,15264,16087,17008,18037,19047,20049,21052,22097,23154,24228,25303,26267,27205,28152,29057,30026,31061,32217,33598,35284,37319,39609,42188,44943,47644,50291,52753,54902,56787,58538,60304,62034,63742,65445,67108,68694,70145,71521,72977,74541,76301,78314,80641,83254,86098,89215,92551,95986,99534,103175,106785,110377,114607,118949,123416,128264,132619,136659,140706,145054,149710,154666,159903,165365,171179,177477,184089,190468,195287,198930,204159,210922,217761,224604,231335,237834,245931,257153,270579,286244,302339,316945,331186,346465,362902,379793,396475,412732,429092,445422,460700,475069,489996,505912,522286,539044,555997,572406,587682,600735,610431,616185,619588,623672,629899,638396,648937,661500,675348,689554,703139,715240,726881,739089,752395,767617,783294,795425,802473
78,11784,12399,13084,13811,14641,15587,16523,17453,18394,19370,20349,21360,22398,23349,24278,25207,26080,26983,27892,28853,29977,31352,33025,34929,37156,39648,42208,44843,47414,49733,51758,53579,55320,56967,58574,60200,61844,63481,64994,66398,67799,69206,70680,72306,74188,76338,78744,81482,84509,87742,91146,94658,98159,101588,105052,109107,113333,117700,122267,126381,130275,134318,138639,143134,147833,152727,157881,163552,169774,176188,180604,183361,188673,195704,202269,208916,215572,222129,228470,236356,247254,260283,275479,291101,305302,319160,334030,350026,366469,382723,398577,414539,430484,445423,459493,474113,489698,505737,522158,538777,554878,569889,582751,592361,598148,601654,605822,612072,620531,630980,643401,657077,671107,684539,696533,708083,720189,733369,748424,763928,775979
79,9984,10509,11103,11740,12471,13319,14172,15028,15896,16804,17712,18643,19614,20527,21436,22348,23199,24065,24908,25747,26684,27810,29185,30735,32586,34731,37029,39517,42056,44463,46628,48573,50368,51984,53502,55025,56581,58188,59742,61203,62623,63973,65293,66648,68151,69871,71833,74140,76795,79731,82917,86278,89640,92945,96234,99543,103474,107588,111675,115968,119927,123816,127832,131989,136226,140588,145187,150203,155797,161818,166318,168775,173145,180129,186924,193283,199726,206187,212561,218735,226397,236955,249566,264266,279389,293159,306611,321044,336570,352538,368335,383758,399298,414832,429408,443156,457444,472674,488352,504409,520667,536433,551156,563806,573316,579128,582733,586979,593244,601653,611996,624257,637742,651578,664839,676708,688151,700141,713180,728047,743359
80,8375,8818,9324,9872,10509,11254,12012,12787,13580,14412,15250,16107,16995,17843,18709,19592,20422,21260,22062,22836,23656,24597,25728,26992,28501,30277,32242,34464,36843,39204,41441,43501,45405,47054,48533,49967,51419,52935,54453,55939,57405,58767,60027,61230,62470,63825,65373,67255,69496,72063,74954,78096,81294,84443,87598,90721,93923,97733,101560,105385,109495,113430,117289,121142,125035,128941,133016,137484,142429,147821,152012,154638,158616,164573,171294,177844,183986,190216,196471,202652,208651,216076,226275,238444,252624,267219,280532,293552,307522,322550,338014,353326,368292,383381,398478,412665,426067,439999,454847,470136,485801,501669,517074,531481,543898,553290,559118,562816,567134,573405,581751,591972,604053,617327,630946,644016,655743,667064,678920,691799,706458
81,6950,7320,7747,8210,8755,9401,10061,10744,11457,12210,12971,13756,14567,15336,16134,16968,17767,18576,19346,20080,20830,21654,22607,23639,24869,26313,27923,29814,31933,34128,36306,38415,40408,42148,43656,45042,46398,47800,49220,50668,52148,53553,54812,55956,57048,58151,59350,60838,62669,64833,67368,70206,73179,76157,79141,82118,85123,88223,91743,95305,98958,103022,106906,110586,114174,117739,121374,125323,129716,134466,138133,140562,144587,150034,155750,162198,168491,174407,180414,186454,192431,198243,205418,215238,226944,240576,254616,267447,280009,293489,307991,322922,337720,352201,366813,381444,395216,408247,421796,436233,451105,466347,481796,496809,510873,523033,532291,538122,541906,546288,552554,560822,570903,582784,595823,609203,622060,633627,644807,656510,669209
82,5701,6007,6362,6749,7208,7758,8325,8914,9538,10208,10892,11599,12335,13031,13749,14512,15260,16030,16768,17468,18178,18931,19763,20625,21624,22800,24095,25643,27433,29370,31380,33421,35439,37253,38828,40233,41531,42836,44143,45490,46924,48334,49623,50761,51789,52746,53707,54864,56319,58090,60234,62720,65390,68134,70938,73734,76580,79477,82311,85572,88961,92575,96559,100243,103647,106909,110203,113716,117591,121802,124924,126958,130694,136041,141246,146712,152875,158902,164581,170356,176169,181931,187544,194454,203877,215097,228155,241612,253936,266015,278979,292926,307295,321552,335520,349626,363762,377092,389725,402864,416861,431285,446073,461070,475662,489355,501232,510335,516158,520018,524455,530702,538876,548798,560456,573236,586352,598972,610357,621377,632907
83,4618,4868,5160,5479,5862,6323,6801,7302,7836,8417,9019,9648,10305,10931,11575,12255,12934,13648,14345,15011,15684,16386,17144,17892,18720,19676,20717,21960,23419,25044,26797,28665,30601,32429,34059,35513,36816,38056,39262,40494,41823,43176,44467,45629,46648,47538,48360,49292,50432,51842,53605,55710,58036,60482,63044,65650,68307,71032,73658,76264,79354,82698,86242,89998,93386,96458,99449,102622,106062,109762,112424,114037,117316,122258,127338,132292,137499,143368,149119,154552,160083,165659,171193,176594,183224,192231,202943,215401,228250,240041,251613,264035,277400,291180,304866,318293,331864,345477,358336,370544,383243,396771,410714,425017,439530,453668,466960,478529,487456,493255,497181,501661,507874,515936,525676,537088,549582,562407,574766,585948,596785
84,3689,3892,4130,4391,4704,5086,5482,5900,6350,6842,7359,7908,8486,9039,9613,10217,10817,11459,12100,12723,13356,14014,14718,15389,16104,16894,17732,18726,19893,21204,22660,24276,26036,27770,29400,30895,32230,33458,34595,35722,36934,38185,39415,40571,41601,42479,43236,44035,44955,46069,47491,49224,51183,53287,55556,57919,60376,62905,65351,67746,70217,73265,76536,79855,83286,86325,89125,91998,95096,98358,100603,101830,104623,109051,113719,118524,123219,128160,133725,139190,144366,149643,154969,160264,165440,171776,180348,190530,202366,214582,225816,236858,248712,261470,274632,287720,300578,313585,326645,339004,350759,362989,376015,389447,403232,417228,430880,443740,454972,463702,469460,473439,477947,484109,492039,501576,512715,524896,537403,549473,560426
85,2903,3067,3258,3468,3722,4033,4357,4700,5072,5483,5916,6382,6880,7362,7864,8397,8924,9486,10057,10625,11213,11828,12473,13093,13730,14405,15087,15884,16813,17848,19008,20338,21853,23416,24951,26429,27789,29028,30143,31199,32307,33438,34566,35659,36677,37559,38301,39034,39825,40732,41863,43268,44871,46625,48560,50633,52843,55165,57415,59633,61897,64349,67319,70365,73368,76423,79182,81857,84640,87567,89484,90344,92666,96581,100739,105128,109651,114082,118747,124001,129169,134080,139092,144156,149199,154138,160164,168284,177918,189109,200669,211325,221815,233078,245202,257720,270183,282444,294858,307336,319166,330439,342170,354664,367552,380786,394232,407365,419762,430630,439137,444836,448852,453373,459466,467242,476551,487390,499229,511388,523141
86,2249,2377,2530,2697,2900,3151,3411,3688,3991,4326,4683,5070,5489,5899,6332,6792,7251,7740,8234,8736,9268,9830,10426,10990,11565,12164,12739,13382,14123,14937,15844,16893,18136,19461,20832,22212,23540,24785,25900,26918,27949,28975,29993,30985,31941,32803,33544,34252,34982,35760,36692,37823,39113,40526,42126,43873,45798,47872,49919,51941,54023,56261,58664,61404,64133,66787,69542,72149,74723,77341,79034,79653,81515,84899,88553,92438,96542,100778,104937,109320,114254,119119,123754,128490,133282,138060,142749,148452,156104,165173,175700,186584,196642,206558,217209,228676,240524,252337,263973,275768,287634,298906,309669,320873,332803,345116,357766,370630,383212,395114,405588,413848,419466,423503,428017,434021,441620,450674,461185,472652,484433
87,1714,1812,1931,2063,2223,2421,2628,2848,3090,3359,3647,3962,4305,4646,5010,5402,5794,6215,6640,7070,7533,8036,8573,9087,9611,10138,10641,11181,11779,12414,13114,13927,14904,15980,17131,18347,19574,20771,21876,22890,23871,24818,25726,26614,27474,28273,28999,29695,30395,31104,31907,32844,33871,34992,36270,37698,39313,41104,42911,44733,46621,48668,50854,53059,55494,57872,60245,62824,65303,67709,69185,69721,71267,74070,77207,80598,84206,88022,91966,95848,99944,104552,109104,113455,117905,122414,126917,131344,136711,143883,152371,162218,172409,181852,191176,201194,211982,223138,234275,245263,256410,267638,278326,288551,299199,310535,322243,334279,346528,358527,369903,379954,387939,393456,397492,401981,407873,415270,424044,434197,445261
88,1285,1357,1447,1549,1674,1829,1990,2163,2352,2565,2793,3044,3320,3594,3893,4219,4549,4903,5264,5630,6025,6459,6929,7388,7852,8328,8770,9231,9726,10232,10772,11396,12144,12979,13901,14913,15978,17072,18121,19109,20066,20964,21795,22589,23342,24052,24717,25388,26064,26739,27469,28280,29120,29998,30998,32125,33431,34926,36468,38061,39747,41599,43586,45572,47501,49602,51717,53916,56340,58634,59942,60398,61811,64178,66761,69651,72777,76107,79632,83282,86883,90687,94963,99197,103255,107411,111627,115845,119999,125020,131700,139596,148751,158237,167048,175765,185133,195222,205666,216106,226422,236899,247463,257541,267202,277267,287983,299056,310449,322052,333438,344257,353855,361540,366931,370946,375387,381143,388313,396777,406544
89,948,999,1065,1141,1236,1356,1480,1612,1759,1923,2100,2297,2514,2731,2969,3232,3502,3797,4097,4404,4738,5100,5503,5899,6311,6725,7115,7518,7932,8348,8767,9238,9817,10447,11152,11950,12824,13762,14708,15636,16552,17413,18195,18910,19574,20189,20772,21383,22026,22669,23351,24078,24799,25500,26279,27150,28174,29379,30640,31984,33454,35097,36879,38667,40385,42020,43872,45816,47868,50082,51302,51608,52909,55121,57285,59648,62291,65153,68205,71439,74793,78111,81619,85560,89470,93230,97085,101001,104925,108797,113463,119643,126940,135395,144165,152334,160431,169134,178510,188224,197948,207573,217359,227237,236682,245757,255215,265285,275698,286418,297348,308092,318326,327443,334800,340040,344010,348380,353976,360891,369019
90,687,722,769,824,894,984,1078,1179,1290,1415,1550,1700,1867,2036,2221,2427,2642,2880,3126,3379,3658,3957,4292,4624,4970,5333,5669,6016,6375,6719,7054,7415,7854,8327,8854,9459,10140,10900,11700,12521,13368,14183,14925,15587,16182,16716,17216,17751,18330,18931,19575,20244,20881,21472,22085,22748,23532,24463,25465,26556,27785,29210,30788,32376,33908,35353,36780,38462,40253,42113,43305,43480,44582,46722,48725,50692,52841,55245,57848,60627,63575,66636,69672,72884,76491,80078,83537,87089,90703,94331,97919,102228,107910,114611,122370,130427,137955,145428,153464,162124,171104,180107,189034,198120,207304,216106,224581,233420,242832,252571,262606,272848,282933,292564,301182,308190,313258,317163,321440,326855,333496
91,486,512,545,583,633,699,769,843,926,1020,1121,1234,1360,1487,1628,1787,1953,2139,2334,2538,2766,3008,3283,3554,3843,4146,4429,4727,5029,5317,5592,5882,6215,6567,6956,7401,7908,8491,9129,9813,10557,11296,11990,12613,13159,13630,14059,14516,15016,15553,16142,16769,17342,17853,18359,18871,19461,20168,20931,21784,22781,23975,25331,26724,28069,29344,30593,31884,33409,35017,35981,36158,37020,38915,40827,42627,44400,46337,48504,50852,53359,56023,58793,61548,64466,67739,71002,74160,77406,80714,84041,87338,91286,96469,102573,109637,116979,123861,130705,138067,146003,154242,162514,170730,179104,187579,195721,203581,211782,220516,229561,238889,248420,257824,266828,274920,281555,286425,290237,294396,299604
92,337,354,378,404,439,485,535,590,650,719,793,876,969,1063,1168,1287,1413,1554,1704,1864,2046,2243,2461,2678,2910,3154,3389,3636,3889,4129,4354,4587,4845,5112,5398,5718,6089,6517,6997,7538,8146,8783,9409,9983,10491,10914,11290,11676,12097,12556,13077,13639,14164,14621,15049,15466,15918,16448,17008,17650,18428,19395,20522,21705,22864,23967,25059,26177,27344,28698,29557,29723,30438,31909,33582,35275,36876,38459,40189,42123,44220,46463,48847,51331,53808,56434,59378,62320,65175,68116,71117,74141,77145,80731,85417,90927,97301,103935,110171,116385,123073,130284,137777,145314,152814,160468,168226,175697,182928,190478,198520,206855,215461,224264,232967,241323,248868,255104,259750,263444,267459
93,229,240,256,275,298,330,364,403,446,494,548,608,675,743,819,906,999,1104,1216,1337,1478,1633,1805,1975,2155,2349,2536,2738,2942,3141,3326,3510,3718,3921,4130,4361,4631,4933,5280,5681,6151,6668,7197,7710,8165,8557,8891,9222,9573,9956,10395,10882,11352,11760,12134,12483,12840,13246,13655,14123,14708,15465,16376,17343,18310,19247,20179,21142,22139,23162,23894,24185,24778,25880,27164,28625,30108,31517,32916,34445,36154,38008,39993,42106,44310,46515,48854,51475,54102,56659,59297,61993,64715,67426,70650,74846,79773,85469,91405,97002,102592,108609,115101,121854,128658,135442,142375,149413,156209,162803,169693,177035,184653,192526,200589,208578,216271,223249,229066,233463,237011
94,153,159,169,181,198,219,242,268,298,332,369,411,458,507,561,623,689,765,848,936,1043,1158,1291,1423,1565,1713,1856,2011,2176,2333,2479,2627,2792,2952,3107,3278,3468,3678,3920,4207,4552,4953,5369,5793,6195,6545,6850,7138,7433,7747,8107,8513,8910,9267,9598,9897,10192,10512,10816,11153,11578,12148,12855,13628,14408,15177,15956,16764,17609,18471,18978,19253,19877,20757,21708,22817,24078,25363,26589,27810,29146,30639,32260,33997,35849,37784,39724,41786,44095,46414,48680,51020,53416,55840,58260,61129,64846,69206,74242,79498,84470,89446,94805,100589,106613,112695,118770,124988,131311,137433,143389,149618,156259,163155,170292,177612,184880,191899,198298,203676,207802
95,99,103,109,117,127,142,157,174,194,217,242,271,304,337,375,418,464,517,575,639,718,803,902,1000,1107,1218,1327,1444,1568,1692,1809,1920,2049,2174,2293,2417,2551,2697,2866,3063,3304,3593,3909,4242,4573,4870,5139,5391,5648,5907,6199,6528,6849,7145,7434,7689,7938,8196,8428,8671,8983,9401,9939,10533,11135,11743,12377,13039,13739,14458,14851,14929,15496,16385,17134,17946,18891,19966,21064,22118,23171,24325,25613,27013,28514,30117,31795,33483,35278,37288,39311,41295,43347,45452,47585,49720,52244,55498,59311,63713,68313,72680,77059,81779,86875,92190,97566,102947,108464,114084,119541,124865,130439,136383,142565,148969,155548,162095,168439,174250,179176
96,62,65,69,73,80,89,99,110,123,138,154,173,195,218,243,273,304,340,380,425,484,544,614,686,764,844,925,1013,1102,1195,1282,1370,1468,1563,1657,1746,1844,1944,2057,2190,2355,2553,2780,3028,3279,3520,3744,3966,4185,4401,4637,4897,5151,5388,5622,5836,6048,6263,6445,6631,6853,7160,7558,7998,8454,8915,9403,9933,10500,11084,11372,11351,11725,12554,13293,13922,14605,15399,16303,17229,18122,19019,20001,21098,22291,23572,24941,26377,27826,29369,31095,32838,34552,36328,38153,40007,41865,44057,46871,50163,53963,57939,61727,65534,69639,74075,78708,83403,88114,92951,97888,102696,107402,112333,117595,123074,128758,134607,140442,146114,151336
97,38,40,42,45,49,54,61,68,76,85,96,108,122,137,154,173,194,218,244,274,316,358,407,456,513,571,631,691,757,821,886,949,1024,1096,1162,1232,1301,1374,1448,1537,1647,1782,1932,2107,2288,2470,2648,2829,3010,3188,3382,3586,3788,3971,4151,4326,4498,4670,4819,4962,5134,5360,5648,5968,6299,6633,7000,7407,7849,8312,8508,8433,8695,9321,9995,10601,11122,11688,12345,13094,13863,14609,15361,16185,17105,18107,19184,20337,21549,22775,24082,25544,27023,28484,30000,31560,33148,34743,36620,39019,41823,45058,48449,51689,54954,58478,62288,66273,70320,74391,78579,82861,87044,91151,95460,100062,104859,109845,114982,120122,125134
98,22,23,25,26,29,32,36,41,46,51,58,65,74,83,94,107,120,135,153,172,202,228,266,297,331,376,414,458,506,547,596,640,694,745,795,845,894,947,994,1056,1128,1217,1320,1432,1559,1683,1813,1954,2097,2243,2398,2562,2717,2855,2990,3123,3258,3398,3514,3630,3760,3927,4142,4371,4605,4840,5104,5403,5731,6088,6212,6107,6292,6773,7273,7812,8301,8724,9186,9721,10331,10960,11573,12194,12874,13634,14462,15354,16309,17316,18337,19427,20646,21883,23108,24382,25695,27034,28383,29966,31981,34333,37046,39894,42627,45386,48367,51592,54971,58410,61878,65453,69116,72707,76243,79958,83928,88074,92389,96844,101312
99,13,13,14,15,16,18,21,24,27,30,34,38,44,49,56,63,72,81,92,105,123,143,166,187,210,238,267,298,326,358,386,418,456,489,525,561,596,632,671,706,754,812,881,953,1034,1120,1208,1305,1412,1529,1647,1776,1895,1999,2100,2198,2296,2403,2498,2585,2684,2811,2974,3136,3298,3460,3640,3847,4088,4349,4427,4310,4426,4795,5170,5562,5986,6372,6711,7080,7509,7997,8502,8998,9501,10053,10670,11343,12068,12847,13669,14505,15399,16398,17414,18425,19477,20564,21675,22796,24109,25774,27715,29954,32308,34575,36870,39351,42039,44860,47738,50648,53653,56740,59775,62775,65931,69307,72839,76520,80329
100,7,7,8,9,9,10,12,13,15,17,19,22,25,28,32,37,42,48,54,62,73,86,100,115,131,148,165,186,204,225,243,267,289,313,335,362,387,409,434,459,494,530,569,619,672,727,782,847,924,1004,1097,1191,1283,1360,1437,1502,1575,1650,1719,1789,1867,1962,2079,2200,2313,2421,2540,2685,2847,3033,3084,2980,3034,3294,3575,3862,4163,4489,4790,5055,5345,5682,6065,6464,6856,7257,7696,8188,8724,9304,9926,10585,11257,11977,12780,13601,14419,15272,16155,17060,17976,19045,20396,21970,23785,25697,27545,29421,31452,33654,35969,38337,40738,43223,45782,48307,50811,53450,56276,59237,62329
101,4,4,4,5,5,5,6,7,8,10,11,12,14,15,17,20,24,27,31,35,42,50,59,69,75,88,98,111,125,137,150,162,180,191,210,225,242,259,275,290,313,337,362,393,421,458,490,535,581,640,702,774,840,897,952,996,1050,1100,1152,1199,1254,1330,1413,1502,1580,1651,1735,1830,1932,2061,2105,2045,2055,2201,2395,2604,2819,3045,3291,3519,3723,3947,4206,4500,4808,5113,5425,5768,6152,6571,7024,7512,8030,8559,9127,9761,10410,11059,11737,12441,13163,13896,14750,15825,17077,18521,20044,21523,23028,24659,26430,28296,30209,32154,34173,36256,38320,40374,42543,44868,47308
102,2,2,2,2,3,3,3,4,4,5,6,7,8,8,9,11,13,15,17,19,24,27,33,40,44,52,57,64,71,80,88,96,106,116,126,136,144,158,164,178,191,207,223,242,259,280,302,326,354,392,434,482,528,567,609,641,677,712,744,780,819,869,931,992,1050,1100,1150,1213,1282,1362,1405,1400,1399,1451,1557,1697,1850,2007,2173,2355,2524,2677,2845,3040,3262,3494,3726,3964,4226,4519,4839,5186,5560,5958,6366,6804,7293,7795,8300,8828,9376,9940,10515,11183,12020,12996,14120,15310,16468,17652,18936,20331,21805,23321,24867,26475,28139,29794,31447,33196,35073
103,1,1,1,1,1,2,2,2,2,2,3,4,4,5,5,6,7,8,9,10,13,16,18,22,25,29,32,37,40,46,48,56,62,67,72,77,84,91,99,104,113,124,134,146,154,166,178,192,212,233,258,288,319,348,376,399,420,444,466,487,517,553,597,638,677,711,742,784,829,879,915,945,955,959,996,1072,1171,1279,1392,1511,1641,1764,1877,2000,2143,2306,2477,2649,2826,3021,3239,3479,3738,4018,4317,4624,4954,5323,5702,6085,6486,6904,7335,7774,8285,8923,9666,10523,11431,12319,13229,14218,15295,16434,17609,18812,20066,21368,22668,23971,25353
104,1,0,1,1,1,1,1,1,1,1,1,2,2,2,3,3,3,4,5,6,7,9,9,11,13,17,16,20,22,26,28,30,36,36,42,44,47,51,54,59,65,69,75,84,90,95,101,110,121,137,146,169,185,205,223,236,254,271,281,296,314,338,367,396,423,443,466,492,520,553,577,615,636,634,638,665,717,785,860,938,1021,1113,1200,1280,1368,1470,1587,1710,1834,1962,2104,2263,2437,2626,2830,3048,3274,3517,3788,4067,4350,4648,4958,5279,5607,5988,6462,7014,7651,8328,8993,9677,10421,11232,12093,12983,13898,14854,15850,16848,17853
105,0,0,0,0,1,1,1,1,1,1,1,1,1,1,1,2,2,2,2,3,4,4,6,7,7,9,9,10,11,14,14,16,18,20,22,23,25,27,31,32,35,38,41,49,51,53,57,61,67,74,81,93,104,115,127,138,145,155,163,173,187,200,216,236,252,269,282,301,316,333,350,378,401,409,408,412,430,465,511,561,614,670,732,792,848,909,980,1061,1147,1234,1325,1425,1537,1660,1794,1940,2095,2256,2429,2623,2823,3027,3241,3466,3698,3937,4213,4557,4957,5418,5910,6395,6895,7441,8037,8671,9330,10008,10720,11463,12211
106,0,0,0,0,0,0,0,1,1,1,1,1,1,1,1,1,1,1,1,1,2,3,2,3,4,4,5,5,7,7,7,9,10,11,12,12,14,14,15,17,18,20,23,25,28,29,30,33,36,37,46,50,56,63,67,74,79,88,92,97,107,113,124,136,144,153,165,179,190,195,205,221,237,248,254,254,257,269,292,321,354,389,426,467,507,544,586,634,688,747,806,868,937,1014,1098,1190,1290,1398,1509,1629,1764,1904,2046,2196,2354,2517,2686,2881,3123,3404,3729,4077,4421,4777,5167,5593,6048,6522,7012,7528,8068
107,0,0,0,0,0,0,0,0,0,0,0,0,0,0,1,1,1,1,1,1,1,1,1,1,2,3,2,2,3,4,3,4,5,5,6,6,7,8,8,8,11,11,11,13,14,14,15,17,19,20,22,26,30,33,36,39,45,46,53,53,57,62,68,75,83,87,94,100,105,115,116,124,133,141,148,152,152,155,162,177,195,216,238,262,288,314,338,365,396,432,471,510,551,596,647,704,765,832,903,978,1059,1150,1244,1340,1442,1549,1661,1776,1910,2075,2267,2490,2728,2965,3211,3481,3778,4094,4426,4770,5133
108,0,0,0,0,0,0,0,0,0,0,0,0,0,0,0,0,0,0,0,1,1,1,1,1,1,1,1,1,1,2,2,2,2,2,3,4,3,3,5,5,4,5,5,6,7,7,8,9,10,11,11,13,16,17,17,19,21,23,27,28,30,32,35,41,44,47,50,51,60,59,63,68,72,76,81,85,87,88,90,95,103,114,127,140,155,171,187,203,220,240,262,286,311,338,367,400,436,475,518,565,613,666,725,786,849,916,986,1060,1137,1225,1334,1461,1608,1767,1925,2090,2271,2471,2685,2909,3143
109,0,0,0,0,0,0,0,0,0,0,0,0,0,0,0,0,0,0,0,0,0,1,1,1,1,1,1,0,0,0,1,1,1,1,1,1,1,1,1,2,3,2,3,3,4,4,3,4,4,5,7,6,7,7,9,10,10,14,12,13,14,17,18,20,21,23,26,29,30,32,26,23,31,39,41,44,46,48,48,49,52,57,63,71,79,87,97,106,115,125,137,151,165,181,197,214,234,256,280,307,335,365,397,434,472,511,553,597,643,691,747,816,896,988,1088,1189,1294,1411,1538,1676,1821
