Edad,1950,1951,1952,1953,1954,1955,1956,1957,1958,1959,1960,1961,1962,1963,1964,1965,1966,1967,1968,1969,1970,1971,1972,1973,1974,1975,1976,1977,1978,1979,1980,1981,1982,1983,1984,1985,1986,1987,1988,1989,1990,1991,1992,1993,1994,1995,1996,1997,1998,1999,2000,2001,2002,2003,2004,2005,2006,2007,2008,2009,2010,2011,2012,2013,2014,2015,2016,2017,2018,2019,2020,2021,2022,2023,2024,2025,2026,2027,2028,2029,2030,2031,2032,2033,2034,2035,2036,2037,2038,2039,2040,2041,2042,2043,2044,2045,2046,2047,2048,2049,2050,2051,2052,2053,2054,2055,2056,2057,2058,2059,2060,2061,2062,2063,2064,2065,2066,2067,2068,2069,2070
0,1149030,1168292,1201752,1242051,1291022,1345388,1392059,1437341,1487892,1544015,1601353,1656639,1709566,1762580,1815236,1863762,1908498,1954789,2004768,2055474,2101069,2145297,2190434,2230073,2259096,2273718,2273169,2263285,2254671,2253269,2259742,2272442,2290705,2312175,2334181,2353905,2368480,2381110,2396293,2414553,2437445,2462595,2477407,2476556,2464615,2444999,2421575,2402169,2395354,2400468,2403045,2391026,2366279,2339143,2319353,2309835,2310619,2319971,2331377,2336688,2330140,2311075,2283405,2257759,2237888,2213955,2176963,2138294,2121211,2117912,2111632,2099100,2073914,2046960,2026101,2004194,1981566,1958553,1935457,1912534,1889787,1867010,1844074,1821281,1799008,1777261,1755913,1734817,1713909,1693292,1672972,1653013,1633485,1614231,1595087,1576028,1557177,1538683,1520452,1502245,1484022,1465950,1448222,1430800,1413446,1396100,1378898,1362011,1345453,1329057,1312755,1296597,1280668,1265020,1249589,1234322,1219221,1204309,1189615,1175127,1160822
1,1042152,1057393,1078805,1112796,1155183,1209454,1265010,1313390,1360078,1411313,1467157,1523814,1578832,1631939,1685238,1738296,1787294,1832281,1878880,1929401,1977695,2024966,2075003,2122611,2164455,2196143,2214169,2217329,2210882,2205914,2208138,2217441,2232253,2252321,2275434,2298831,2319611,2335111,2348878,2364215,2382814,2407729,2434443,2450270,2450683,2439944,2421219,2398106,2378447,2370743,2376355,2381844,2372706,2349621,2323190,2305040,2298720,2302704,2313278,2324515,2329682,2322814,2302427,2273768,2247147,2225368,2200720,2164658,2127611,2111188,2104453,2095010,2087221,2066714,2040039,2019330,1997510,1974956,1952026,1929042,1906263,1883689,1861109,1838388,1815817,1793765,1772226,1751061,1730113,1709317,1688780,1668517,1648608,1629130,1609933,1590860,1571882,1553124,1534730,1516606,1498505,1480384,1462404,1444750,1427386,1410076,1392765,1375594,1358738,1342218,1325865,1309615,1293515,1277651,1262070,1246704,1231499,1216454,1201588,1186930,1172472
2,976393,994883,1011865,1034928,1070532,1116463,1171828,1228473,1277734,1325201,1376562,1432190,1488947,1544374,1597965,1651912,1705593,1754984,1800485,1847830,1896819,1946175,1997453,2049147,2097997,2140947,2173817,2192870,2196660,2191143,2187289,2190210,2199878,2215037,2235438,2258681,2281895,2302326,2317647,2331396,2346817,2365482,2390416,2417422,2433795,2434748,2424271,2405295,2381482,2360639,2353106,2361065,2368854,2360981,2338414,2313536,2298435,2295142,2300269,2310670,2321738,2326515,2318291,2296881,2267284,2238905,2216460,2192614,2157971,2121515,2105531,2099419,2090134,2082413,2062047,2035425,2014698,1992855,1970294,1947389,1924466,1901782,1879328,1856889,1834320,1811907,1790004,1768590,1747521,1726635,1705871,1685347,1665092,1645194,1625737,1606575,1587551,1568635,1549949,1531636,1513593,1495570,1477517,1459590,1441975,1424634,1407339,1390042,1372886,1356050,1339557,1323241,1307035,1290986,1275175,1259647,1244332,1229171,1214159,1199319,1184680
3,929303,949434,968723,986864,1011163,1048849,1095468,1151350,1208047,1257614,1305203,1356556,1412194,1469027,1524571,1578413,1632505,1686217,1735561,1781128,1827528,1876876,1928067,1980171,2032720,2082172,2125430,2158454,2177865,2182272,2177382,2174023,2177242,2187085,2202305,2222548,2245432,2268186,2288208,2303291,2316915,2332348,2351111,2376225,2403563,2420227,2421184,2410293,2390524,2365531,2344893,2339620,2349671,2358525,2351085,2329995,2308072,2295916,2293712,2298557,2308690,2319352,2322820,2313634,2291365,2260171,2231231,2209562,2187002,2152881,2116845,2101415,2095469,2086262,2078607,2058236,2031568,2010784,1988904,1966339,1943471,1920616,1898028,1875691,1853383,1830951,1808667,1786874,1765541,1744518,1723649,1702885,1682355,1662098,1642209,1622775,1603653,1584680,1565828,1547215,1528974,1511002,1493040,1475034,1457139,1439541,1422208,1404919,1387630,1370490,1353676,1337214,1320938,1304777,1288778,1273016,1257534,1242258,1227127,1212138,1197313
4,891151,912045,932523,952499,971525,997222,1035356,1082295,1137987,1194697,1244293,1291928,1343268,1398851,1455637,1511216,1564986,1618966,1672392,1721483,1766357,1812827,1863076,1914706,1967440,2020350,2069778,2112864,2146086,2165909,2170691,2166173,2163073,2166413,2176231,2191216,2211057,2233451,2255725,2275409,2290280,2303893,2319438,2338361,2363755,2391274,2407799,2408260,2396527,2375597,2350816,2332406,2329163,2340218,2349457,2343403,2325178,2306112,2295005,2292479,2297019,2306745,2316164,2318712,2308717,2284954,2253285,2225103,2204639,2182537,2148782,2113285,2098038,2092159,2082995,2075294,2054847,2028118,2007281,1985385,1962844,1940032,1917263,1894780,1872563,1850381,1828070,1805889,1784168,1762875,1741862,1720985,1700208,1679668,1659415,1639544,1620143,1601067,1582153,1563369,1544825,1526651,1508736,1490816,1472836,1454955,1437361,1420031,1402747,1385468,1368347,1351562,1335137,1318902,1302788,1286834,1271117,1255671,1240422,1225310,1210333
5,858146,879280,900292,921183,941750,961713,987759,1026102,1072824,1128452,1185091,1234701,1282305,1333552,1389026,1445739,1501128,1554715,1608326,1661348,1709847,1754645,1801550,1852033,1904143,1957095,2009836,2058957,2102149,2135635,2155656,2160682,2156372,2153378,2156678,2166246,2180829,2200191,2222084,2243980,2263394,2278223,2291938,2307628,2326834,2352391,2379703,2395667,2395258,2382363,2361620,2339008,2322595,2320385,2331824,2342372,2339057,2323586,2305525,2294074,2291233,2295373,2303917,2312469,2314256,2302861,2278656,2247718,2220684,2200645,2178869,2145609,2110318,2095146,2089291,2080070,2072264,2051736,2024955,2004094,1982213,1959721,1936987,1914316,1891946,1869849,1847783,1825569,1803457,1781772,1760483,1739457,1718562,1697770,1677230,1656991,1637148,1617790,1598770,1579920,1561202,1542722,1524603,1506725,1488830,1470861,1452980,1435386,1418057,1400781,1383519,1366424,1349672,1333288,1317096,1301026,1285114,1269429,1254010,1238778,1223675
6,825940,849604,870734,891989,913284,934449,954654,980874,1019011,1065681,1121227,1177819,1227356,1274852,1325980,1381334,1437800,1492960,1546150,1599308,1651800,1700107,1745065,1792091,1842935,1895175,1947903,2000282,2049442,2092797,2126373,2146515,2151670,2147451,2144419,2147466,2156650,2170776,2189650,2211163,2232755,2252094,2267005,2280862,2296824,2316205,2341564,2368283,2383337,2381760,2369023,2350352,2329687,2314320,2312554,2325272,2338421,2337739,2323224,2304816,2293038,2289809,2292830,2300563,2308406,2308872,2297051,2273535,2243689,2217077,2197339,2176004,2142940,2107744,2092597,2086671,2077342,2069432,2048839,2022036,2001183,1979346,1956925,1934284,1911723,1889468,1867483,1845510,1823362,1801281,1779598,1758294,1737245,1716332,1695536,1675005,1654792,1634990,1615686,1596727,1577941,1559286,1540857,1522774,1504918,1487030,1469060,1451176,1433582,1416258,1398996,1381758,1364695,1347982,1331637,1315490,1299458,1283578,1267917,1252512,1237288
7,794618,819526,843101,864372,885909,907597,928902,949226,975287,1013388,1060011,1115507,1171977,1221374,1268750,1319752,1374846,1431061,1485809,1538537,1591222,1643447,1691734,1736733,1784036,1834966,1886958,1939309,1991674,2040953,2084325,2117927,2138109,2143296,2139028,2135767,2138459,2147208,2160880,2179387,2200600,2222097,2241478,2256510,2270629,2286771,2305993,2330792,2356598,2370477,2369001,2358230,2341415,2321781,2306922,2306441,2321658,2337308,2337530,2322659,2303929,2291775,2287481,2289744,2296820,2303428,2303485,2292297,2269800,2240369,2214057,2194738,2173581,2140603,2105447,2090236,2084196,2074762,2066764,2046137,2019345,1998530,1976757,1954425,1931890,1909442,1887296,1865403,1843493,1821375,1799294,1777592,1756262,1735192,1714271,1693482,1672975,1652801,1633051,1613806,1594910,1576184,1557579,1539185,1521122,1503272,1485380,1467405,1449519,1431927,1414617,1397376,1380168,1363142,1346470,1330166,1314055,1298054,1282196,1266549,1251151
8,768082,789613,814394,838030,859500,881301,903073,924431,944614,970672,1008751,1055354,1110730,1167023,1216285,1263534,1314287,1369129,1424939,1479227,1531521,1583915,1636010,1684251,1729455,1776815,1827495,1879118,1931437,1983886,2033124,2076466,2110036,2130193,2135303,2130804,2127209,2129507,2137826,2151155,2169381,2190492,2212014,2231486,2246767,2261061,2277060,2295781,2319728,2344367,2358277,2358645,2349636,2333820,2314709,2301141,2303084,2320686,2337191,2337057,2321864,2302764,2289595,2284592,2286255,2292176,2298402,2299044,2288805,2266708,2237559,2211659,2192515,2171426,2138484,2103285,2087968,2081818,2072297,2064246,2043617,2016866,1996110,1974423,1952194,1929768,1907427,1885372,1863541,1841659,1819540,1797438,1775708,1754354,1733274,1712358,1691591,1671123,1650997,1631306,1612124,1593286,1574610,1556039,1537664,1519605,1501749,1483851,1465870,1447987,1430405,1413114,1395903,1378731,1361744,1345111,1328843,1312762,1296782,1280937,1265295
9,743507,764003,785415,810212,833978,855630,877483,899268,920480,940663,966735,1004816,1051335,1106541,1162673,1211792,1258806,1309323,1363784,1419149,1473035,1525029,1577225,1629202,1677576,1722808,1769940,1820260,1871829,1924213,1976604,2025766,2069020,2102519,2122553,2127399,2122576,2118615,2120525,2128534,2141613,2159738,2180862,2202464,2222163,2237598,2251776,2267313,2285244,2308100,2332736,2348351,2350374,2342303,2326997,2309170,2297961,2302202,2320619,2336762,2336309,2320753,2300680,2286843,2281280,2281861,2287440,2294202,2295728,2285874,2264030,2235282,2209568,2190499,2169441,2136458,2101176,2085761,2079519,2069943,2061872,2041270,2014582,1993905,1972315,1950192,1927873,1905622,1883629,1861826,1839944,1817804,1795674,1773919,1752553,1731476,1710580,1689849,1669429,1649362,1629732,1610608,1591818,1573176,1554623,1536251,1518186,1500323,1482418,1464438,1446564,1429002,1411739,1394562,1377428,1360479,1343882,1327643,1311582,1295614,1279774
10,718384,740049,760427,781850,806733,830617,852304,874146,895790,916985,937189,963294,1001320,1047706,1102762,1158725,1207606,1254398,1304571,1358619,1413608,1467188,1518949,1570990,1623026,1671381,1716401,1763197,1813450,1865074,1917393,1969679,2018728,2061886,2095228,2114941,2119434,2114259,2109947,2111576,2119365,2132363,2150508,2171719,2193524,2213346,2228672,2242405,2257218,2274155,2297019,2323234,2340379,2343278,2335699,2321641,2306093,2297107,2302127,2320185,2336000,2335196,2318696,2297987,2283636,2277054,2277323,2283403,2290998,2292896,2283270,2261801,2233252,2207640,2188614,2167516,2134453,2099091,2083590,2077286,2067687,2059624,2039073,2012466,1991883,1970398,1948380,1926150,1903964,1882002,1860199,1838296,1816126,1793971,1772204,1750840,1729781,1708921,1688238,1667876,1647870,1628298,1609223,1590468,1571843,1553293,1534916,1516842,1498971,1481066,1463096,1445239,1427704,1410474,1393333,1376238,1359325,1342756,1326538,1310488,1294525
11,694167,715339,736883,757266,778761,803725,827624,849283,870997,892617,913817,934062,960151,998076,1044348,1099240,1154949,1203603,1250087,1299891,1353594,1408281,1461597,1513181,1565233,1617210,1665363,1710067,1756791,1807088,1858645,1910839,1962982,2011928,2054903,2087886,2107203,2111310,2105800,2101249,2102695,2110416,2123448,2141683,2163087,2185014,2204713,2219616,2232663,2246547,2263528,2287929,2315565,2333505,2336861,2330481,2318624,2305222,2296977,2301640,2319369,2334832,2333097,2315984,2294795,2279466,2272603,2273346,2280230,2288199,2290304,2281011,2259749,2231340,2205801,2186751,2165573,2132430,2096999,2081439,2075101,2065506,2057476,2036996,2010486,1990006,1968624,1946697,1924533,1902380,1880421,1858599,1836668,1814474,1792306,1770540,1749195,1728171,1707359,1686735,1666434,1646488,1626966,1607926,1589189,1570568,1552013,1533626,1515545,1497672,1479775,1461822,1443992,1426490,1409298,1392195,1375134,1358251,1341702,1325496,1309451
12,671725,691351,712406,733944,754382,775947,800913,824762,846307,867990,889603,910831,931077,957106,994946,1041078,1095721,1151175,1199529,1245677,1295164,1348567,1402974,1456087,1507631,1559603,1611375,1659203,1703822,1750590,1800810,1852222,1904261,1956289,2005031,2047610,2080127,2099000,2102734,2096992,2092281,2093678,2101436,2114580,2133034,2154563,2176360,2195633,2209892,2222095,2236111,2254651,2280480,2308877,2327226,2331713,2327445,2317660,2304978,2296372,2300692,2318057,2332591,2330259,2312682,2290551,2274962,2268552,2270089,2277366,2285524,2287932,2278858,2257777,2229475,2203942,2184826,2163561,2130342,2094865,2079273,2072929,2063364,2055389,2034999,2008598,1988220,1966927,1945066,1922938,1900790,1878815,1856968,1835014,1812809,1790644,1768900,1747591,1726618,1705866,1685305,1665066,1645170,1625684,1606664,1587931,1569304,1550740,1532346,1514264,1496400,1478520,1460593,1442797,1425333,1408178,1391112,1374082,1357218,1340683,1324483
13,650989,668889,688390,709421,730982,751465,773024,797914,821642,843148,864815,886444,907666,927869,953841,991542,1037420,1091767,1146867,1194851,1240655,1289819,1342905,1397047,1450042,1501475,1553210,1604613,1652299,1696942,1743619,1793653,1844859,1896748,1948531,1996802,2038800,2070742,2089105,2092530,2086606,2081831,2083231,2091147,2104582,2123205,2144616,2165969,2184619,2198144,2210725,2226636,2246887,2273570,2302311,2321715,2328289,2326106,2317080,2304067,2295117,2299077,2315534,2329496,2326706,2308193,2285811,2270676,2265068,2267028,2274479,2282937,2285587,2276725,2255782,2227517,2201941,2182742,2161387,2128112,2092618,2077025,2070705,2061196,2053299,2033011,2006716,1986424,1965196,1943371,1921251,1899091,1877096,1855233,1833272,1811075,1788937,1767234,1745979,1725069,1704382,1683882,1663695,1643836,1624371,1605356,1586620,1567986,1549417,1531025,1512952,1495106,1477254,1459362,1441604,1424180,1407062,1390027,1373019,1356170,1339644
14,631360,647755,665490,684917,705916,727467,747904,769355,794096,817753,839226,860897,882513,903678,923812,949619,986999,1032484,1086342,1140900,1188390,1233737,1282466,1335171,1389071,1441817,1492885,1544121,1595260,1642887,1687379,1733773,1783480,1834431,1885961,1937086,1984505,2025611,2056758,2074594,2077708,2071629,2066778,2068353,2076632,2090227,2108596,2129298,2149997,2168253,2183088,2198941,2217645,2239150,2266004,2295626,2317083,2325836,2324594,2315420,2302148,2292924,2296063,2311998,2325514,2321745,2302981,2281073,2266802,2261658,2263743,2271497,2280251,2283137,2274446,2253560,2225267,2199615,2180317,2158884,2125584,2090111,2074556,2068295,2058871,2051065,2030878,2004673,1984441,1963246,1941429,1919302,1897130,1875126,1853265,1831323,1809161,1787072,1765429,1744243,1723401,1702777,1682331,1662180,1642345,1622888,1603872,1585133,1566499,1547935,1529555,1511505,1493689,1475874,1458023,1440308,1422921,1405837,1388827,1371838,1355001
15,612761,627494,643663,661257,680592,701523,722961,743236,764518,789147,812737,834199,855848,877385,898430,918339,943753,980610,1025462,1078568,1132353,1179158,1223929,1272153,1324452,1377918,1430098,1480476,1531292,1582233,1629592,1673665,1719563,1768857,1819287,1869918,1919829,1965936,2005852,2036144,2053410,2056147,2049870,2045162,2047080,2055373,2068381,2085492,2105311,2125871,2146638,2166809,2187079,2207550,2228896,2256394,2288196,2312184,2322359,2321411,2312243,2298942,2289118,2291879,2307405,2319866,2315819,2297567,2276608,2262846,2257779,2260139,2268187,2277137,2280171,2271526,2250615,2222270,2196546,2177185,2155728,2122462,2087062,2071582,2065400,2056065,2048342,2028237,2002099,1981902,1960721,1938907,1916778,1894610,1872623,1850791,1828896,1806795,1784778,1763211,1742100,1721327,1700761,1680358,1660234,1640413,1620962,1601951,1583217,1564595,1546050,1527700,1509686,1491913,1474144,1456340,1438668,1421320,1404267,1387281,1370310
16,595006,608270,622727,638698,656152,675376,696141,717355,737435,758594,783120,806667,828096,849644,871014,891747,911196,936031,972151,1016133,1068266,1121121,1167173,1211335,1259039,1310758,1363474,1414785,1464598,1515113,1565662,1612421,1655855,1701235,1749867,1799175,1848278,1896479,1941012,1979734,2009133,2025698,2027970,2021718,2017256,2018990,2026307,2037472,2053227,2072608,2096339,2124128,2150040,2172411,2192293,2214124,2244365,2279536,2305785,2316929,2316404,2307585,2293969,2283946,2286382,2300799,2312971,2309507,2292316,2271928,2258143,2253262,2255899,2264083,2273130,2276169,2267483,2246536,2218156,2192408,2173046,2151627,2118452,2083172,2067785,2061685,2052430,2044766,2024723,1998636,1978460,1957293,1935492,1913383,1891247,1869307,1847537,1825717,1803700,1781773,1760293,1739261,1718555,1698041,1677672,1657572,1637765,1618329,1599331,1580619,1562026,1543519,1525215,1507252,1489534,1471821,1454070,1436445,1419138,1402117,1385157
17,577711,590051,603012,617240,633050,650376,669408,689914,710897,730840,751902,776358,799840,821154,842503,863505,883705,902544,926654,961874,1004848,1055928,1107858,1153200,1196795,1243869,1294750,1346473,1397106,1446552,1496594,1546414,1592404,1635251,1679913,1727277,1774844,1821988,1868357,1911441,1949005,1977377,1993143,1995168,1988963,1984151,1984627,1989652,1998914,2013538,2036046,2067670,2101826,2129831,2151156,2171421,2196823,2231568,2269982,2297896,2309887,2310095,2301228,2287582,2277336,2278629,2292769,2305612,2303332,2286752,2266257,2252586,2247975,2250706,2258937,2267943,2270910,2262180,2241212,2212850,2187146,2167838,2146505,2113462,2078327,2063041,2057009,2047816,2040191,2020194,1994151,1974000,1952858,1931090,1909027,1886954,1865091,1843413,1821692,1799782,1777956,1756570,1735616,1714971,1694500,1674163,1654087,1634303,1614889,1595923,1577250,1558705,1540255,1522015,1504117,1486466,1468815,1451122,1433547,1416283,1399297
18,560860,572563,584601,597341,611420,627112,644249,663024,683298,704122,723963,744970,769342,792685,813790,834757,855214,874782,892937,916253,950539,992546,1042696,1093818,1138555,1181546,1227815,1277710,1328711,1378930,1427891,1477172,1526141,1571482,1613608,1657000,1702578,1748141,1793396,1838229,1880032,1916381,1943725,1958900,1960639,1953930,1947742,1945767,1948427,1955732,1972889,2003219,2041033,2076910,2103426,2125063,2149647,2180603,2219495,2260148,2289171,2302149,2302496,2293703,2279867,2268397,2269446,2284357,2298468,2296784,2280030,2259606,2246217,2241694,2244442,2252599,2261498,2264395,2255630,2234687,2206403,2180791,2161580,2140365,2107481,2072508,2057319,2051342,2042192,2034586,2014628,1988632,1968512,1947413,1925703,1903716,1881735,1859980,1838419,1816821,1795029,1773313,1752019,1731137,1710546,1690114,1669808,1649760,1630007,1610633,1591715,1573099,1554623,1536249,1518087,1500269,1482693,1465111,1447477,1429956,1412735
19,543916,555741,567166,579013,591638,605628,621151,638055,656620,676741,697446,717234,738183,762409,785531,806273,826726,846584,865493,882959,905522,938992,980219,1029623,1080082,1124229,1166520,1211913,1261125,1311703,1361422,1409652,1458125,1506429,1551038,1591961,1633669,1677340,1721097,1764885,1808460,1849029,1884266,1910784,1925332,1926337,1918230,1909664,1905072,1905077,1914134,1938460,1974365,2013438,2047472,2074195,2100589,2131369,2167087,2208594,2250420,2280476,2293611,2294013,2284964,2269759,2258023,2259950,2276234,2290917,2288953,2272198,2252109,2238865,2234366,2237035,2245067,2253864,2256684,2247911,2227035,2198868,2173390,2154306,2133230,2100524,2065726,2050628,2044691,2035566,2027963,2008039,1982098,1962022,1940986,1919362,1897483,1875625,1854005,1832586,1811125,1789461,1767854,1746645,1725825,1705278,1684881,1664607,1644597,1624889,1605572,1586723,1568187,1549798,1531518,1513450,1495721,1478224,1460714,1443141,1425671
20,525937,538961,550540,561817,573591,586165,600018,615339,632064,650496,670499,691139,710877,731718,755731,778506,798793,818710,837970,856248,873100,895060,927925,968574,1017388,1067251,1110759,1152307,1197132,1245953,1296051,1345084,1392580,1440447,1488033,1531481,1570884,1610878,1652919,1695357,1738011,1780444,1819953,1854282,1879978,1893591,1893136,1882782,1871530,1863848,1864877,1880230,1909413,1946222,1983329,2017442,2048980,2081745,2117518,2156007,2198601,2241325,2271382,2284438,2284434,2273770,2258163,2247383,2250826,2267696,2282001,2279970,2263612,2243770,2230589,2226028,2228571,2236477,2245149,2247901,2239146,2218369,2190360,2165050,2146121,2125209,2092697,2058079,2043059,2037139,2028020,2020402,2000511,1974639,1954625,1933680,1912171,1890431,1868729,1847271,1826009,1804695,1783155,1761645,1740506,1719735,1699224,1678860,1658625,1638664,1619020,1599782,1581024,1562591,1544311,1526140,1508174,1490538,1473121,1455677,1438162
21,506348,521219,534024,545494,556739,568498,580967,594652,609826,626442,644770,664713,685294,704942,725620,749320,771686,791512,810904,829607,847347,863737,885293,917736,957953,1006264,1055518,1098371,1139445,1183950,1232348,1281818,1330184,1377151,1424383,1470885,1512932,1550824,1589419,1630312,1671775,1713455,1754951,1793593,1827046,1851743,1863853,1861215,1848168,1833634,1826382,1832801,1852374,1882265,1917212,1954372,1993098,2030791,2068475,2106962,2146332,2189605,2232091,2261854,2274272,2272354,2261064,2246384,2237244,2241348,2257844,2272050,2270447,2254420,2234693,2221485,2216807,2219211,2226957,2235504,2238207,2229499,2208863,2181055,2155952,2137206,2116473,2084159,2049711,2034747,2028814,2019676,2012032,1992179,1966393,1946470,1925647,1904291,1882723,1861205,1839927,1818830,1797655,1776224,1754789,1733700,1712963,1692482,1672155,1651972,1632080,1612524,1593390,1574748,1556437,1538281,1520227,1502366,1484818,1467474,1450089
22,488057,501892,516566,529292,540764,552026,563706,576037,589606,604689,621217,639497,659387,679881,699395,719827,743175,765133,784507,803419,821663,839004,855109,876415,908561,948438,996245,1044877,1087297,1128120,1172278,1220129,1269000,1316905,1363328,1409594,1454815,1495514,1532209,1569850,1609934,1650584,1691488,1732225,1770054,1802559,1825807,1835807,1830419,1813988,1799447,1796776,1806852,1827074,1855367,1890465,1931955,1976396,2018712,2058901,2097973,2137747,2180573,2222524,2251369,2261569,2258751,2248276,2235300,2226908,2230741,2247190,2261843,2260608,2244712,2224989,2211680,2206854,2209081,2216668,2225113,2227801,2219187,2198742,2171185,2146325,2127779,2107220,2075087,2040781,2025832,2019856,2010684,2003011,1983214,1957543,1937744,1917083,1895915,1874551,1853234,1832141,1811199,1790140,1768788,1747402,1726343,1705632,1685184,1664907,1644796,1624999,1605557,1586553,1568049,1549876,1531850,1513910,1496146,1478675,1461389
23,470109,483840,497522,512137,524885,536394,547600,559165,571404,584899,599906,616402,634643,654459,674829,694140,714302,737300,758854,777817,796345,814248,831353,847300,868446,900383,939917,987202,1035401,1077578,1118113,1161822,1209166,1257635,1305058,1350629,1395769,1439791,1479438,1515335,1552337,1591763,1631798,1672084,1712121,1749113,1780313,1801586,1808821,1799957,1783127,1772464,1772987,1783707,1802667,1831297,1870466,1917191,1965835,2010367,2050817,2089986,2129121,2171224,2212009,2238350,2247344,2245168,2236389,2224208,2215654,2219579,2236574,2251625,2250484,2234577,2214756,2201295,2196282,2198340,2205802,2214190,2216921,2208462,2188265,2161000,2136402,2118048,2097633,2065634,2031425,2016456,2010413,2001205,1993518,1973807,1948294,1928661,1908200,1887253,1866110,1844998,1824074,1803255,1782275,1760967,1739606,1718565,1697880,1677480,1657276,1637265,1617592,1598293,1579441,1561087,1543057,1525154,1507317,1489631,1472218
24,452723,466105,479713,493374,508023,520820,532285,543392,554881,567062,580493,595480,611948,630134,649844,670033,689128,709019,731661,752848,771487,789731,807446,824414,840277,861334,893055,932205,979116,1027046,1068950,1109107,1152406,1199418,1247468,1294133,1338723,1382835,1425928,1464875,1500263,1536752,1575695,1615247,1654971,1694315,1730196,1759619,1778213,1781933,1772275,1758659,1750796,1751994,1761766,1781276,1813779,1857732,1908250,1958786,2003257,2043523,2081875,2120145,2160910,2198971,2223816,2233258,2232715,2224715,2212392,2204033,2208723,2226245,2241338,2240112,2224060,2204073,2190425,2185247,2187184,2194585,2202988,2205833,2197593,2177689,2150733,2126383,2108176,2087843,2055921,2021764,2006751,2000640,1991415,1983749,1964167,1938857,1919432,1899206,1878498,1857577,1836647,1815854,1795113,1774169,1752875,1731523,1710503,1689862,1669533,1649433,1629554,1610033,1590899,1572212,1554013,1536114,1518317,1500558,1482929
25,437985,448905,462191,475801,489526,504224,516980,528356,539398,550836,562960,576383,591353,607785,625886,645441,665445,684322,703925,726242,747142,765550,783638,801244,818133,833970,854938,886382,925255,971931,1019554,1061111,1100944,1143988,1190652,1238030,1283826,1327541,1370854,1413321,1451818,1486819,1522959,1561533,1600645,1639837,1678255,1712584,1739495,1754667,1757262,1750144,1738964,1731794,1732331,1742849,1766049,1802951,1850327,1902434,1952641,1996675,2035979,2073344,2110166,2148127,2184476,2209532,2220484,2220663,2212446,2200310,2192988,2198461,2216028,2230951,2229478,2213198,2193018,2179217,2173938,2175837,2183263,2191767,2194800,2186828,2167231,2140560,2116400,2098263,2077939,2046039,2011910,1996855,1990700,1981497,1973897,1954495,1929435,1910256,1890282,1869810,1849082,1828289,1807572,1786859,1765918,1744623,1723284,1702302,1681731,1661509,1641545,1621829,1602484,1583527,1565003,1546942,1529151,1511432,1493726
26,423428,434309,445172,458481,472172,485964,500617,513285,524600,535594,546980,559106,572522,587468,603831,621806,641213,661026,679658,698999,721062,741757,760043,778040,795566,812437,828250,849055,880302,919011,965407,1012686,1053943,1093583,1136351,1182427,1229043,1274080,1317114,1359895,1401968,1440134,1474872,1510757,1548997,1587713,1626161,1663237,1695278,1718962,1732809,1737330,1732229,1721724,1714142,1715578,1729612,1756879,1796884,1845607,1897191,1946748,1989714,2027937,2063775,2097774,2133932,2170300,2196697,2208292,2208122,2199968,2189112,2182870,2188454,2205828,2220398,2218585,2202054,2181728,2167858,2162578,2164542,2172090,2180775,2184048,2176356,2157033,2130575,2106512,2088361,2067982,2036077,2001981,1986913,1980761,1971632,1964154,1944981,1920209,1901292,1881565,1861294,1840707,1819988,1799293,1778571,1757615,1736323,1715017,1694105,1673642,1653560,1633768,1614236,1595077,1576292,1557913,1539962,1522246,1504575
27,408815,419877,430715,441635,455039,468805,482567,497126,509727,520992,531935,543328,555454,568859,583751,600011,617871,637117,656707,675115,694256,716133,736722,754936,772859,790378,807236,822940,843635,874767,913266,959357,1006333,1047419,1086844,1129112,1174528,1220485,1264922,1307507,1349959,1391742,1429684,1464243,1499901,1537851,1575976,1613297,1648315,1677375,1699650,1714939,1721089,1716563,1705792,1699216,1704019,1721824,1751922,1793084,1841133,1891933,1940356,1982184,2018820,2051855,2084035,2120116,2157669,2184592,2195679,2195387,2188689,2179184,2173112,2178546,2195530,2209647,2207480,2190761,2170389,2156565,2151398,2153531,2161288,2170210,2173734,2166281,2147148,2120796,2096732,2078497,2058036,2026135,1992107,1977078,1970985,1961992,1954690,1935786,1911318,1892654,1873134,1853005,1832488,1811784,1791069,1770321,1749358,1728091,1706853,1686049,1665731,1645826,1626225,1606887,1587908,1569272,1551005,1533127,1515454
28,394235,405378,416407,427310,438350,451836,465580,479258,493740,506282,517492,528446,539844,551967,565329,580137,596309,614037,633087,652473,670715,689712,711505,732008,750149,768069,785587,802348,817973,838634,869608,907868,953694,1000489,1041385,1080382,1122093,1166938,1212381,1256418,1298724,1340945,1382532,1420326,1454729,1490192,1527684,1564850,1600341,1632651,1660313,1683660,1700268,1706855,1702119,1692401,1689031,1697341,1717741,1748845,1789244,1836428,1886082,1933333,1973528,2007430,2038643,2070702,2107876,2145855,2172115,2182864,2184144,2179013,2169693,2163509,2168584,2185078,2198739,2196293,2179501,2159210,2145556,2140613,2143005,2151027,2160195,2163924,2156616,2137554,2111199,2087061,2068714,2048183,2016325,1982420,1967493,1961526,1952725,1945643,1927024,1902846,1884393,1865013,1844951,1824441,1803707,1782956,1762190,1741245,1720042,1698913,1678258,1658121,1638414,1619012,1599858,1581032,1562509,1544312,1526473
29,379722,390900,402018,413117,424145,435286,448757,462419,476030,490438,502913,514133,525094,536495,548586,561876,576618,592684,610243,629110,648343,666467,685411,707123,727541,745682,763616,781039,797729,813345,833908,864702,902769,948440,995041,1035545,1074057,1115301,1159703,1204786,1248586,1290703,1332765,1374222,1411890,1446163,1481277,1517961,1553505,1586560,1617525,1646000,1670429,1687369,1693748,1690022,1683326,1683218,1693926,1715211,1745505,1784999,1831069,1879553,1925175,1962717,1994812,2025863,2058939,2096510,2133724,2159429,2171795,2174787,2169820,2160387,2153875,2158495,2174507,2187799,2185201,2168474,2148395,2135025,2130398,2133104,2141397,2150760,2154595,2147303,2128194,2101758,2077518,2059076,2038521,2006768,1973052,1958293,1952511,1943946,1937104,1918757,1894820,1876505,1857186,1837122,1816574,1795795,1775018,1754263,1733376,1712281,1691304,1670833,1650900,1631395,1612181,1593182,1574468,1556014,1537851
30,365527,376484,387642,398831,410054,421186,432332,445726,459321,472861,487189,499666,510890,521855,533228,545260,558502,573157,589077,606477,625209,644330,662415,681303,702923,723333,741489,759334,776684,793359,808919,829361,860027,897988,943494,989708,1029781,1067909,1108778,1152871,1197735,1241364,1283355,1325318,1366661,1404229,1438243,1472680,1507915,1541283,1573084,1604684,1634056,1658752,1675485,1682798,1681853,1678177,1680300,1691804,1712248,1741623,1780061,1825000,1871892,1914956,1950736,1982625,2014606,2048076,2084861,2121377,2148675,2162819,2165935,2160823,2151058,2144126,2148309,2163937,2176997,2174395,2157871,2138122,2125125,2120866,2123889,2132398,2141848,2145652,2138255,2119019,2092476,2068153,2049667,2029157,1997577,1964118,1949589,1944038,1935729,1929112,1910984,1887210,1868950,1849622,1829511,1808909,1788097,1767326,1746624,1725842,1704899,1684109,1663845,1644119,1624806,1605747,1586859,1568211,1549787
31,352051,362377,373321,384550,395862,407187,418326,429412,442739,456260,469724,484043,496516,507740,518680,530001,541997,555168,569697,585480,602760,621390,640480,658515,677332,698929,719354,737428,755201,772539,789136,804614,824991,855606,893460,938615,984415,1024138,1061956,1102568,1146471,1191187,1234707,1276611,1318485,1359744,1397090,1430517,1463676,1496976,1529189,1561499,1593874,1623471,1647968,1665558,1675399,1677214,1675608,1678456,1689106,1708637,1737017,1774391,1817817,1862294,1903640,1939169,1971906,2004248,2036945,2072977,2111059,2140129,2154346,2157275,2151800,2141613,2134290,2138145,2153532,2166516,2164054,2147853,2128523,2115950,2112055,2115330,2123939,2133338,2136986,2129404,2110017,2083389,2059040,2040582,2020191,1988857,1955711,1941457,1936156,1928086,1921644,1903657,1879959,1861681,1842296,1822123,1801481,1780671,1759950,1739351,1718719,1697964,1677383,1657331,1637797,1618638,1599690,1580865,1562244
32,339676,348982,359301,370316,381665,393077,404411,415489,426523,439777,453220,466680,480980,493444,504640,515530,526824,538761,551822,566231,581910,599111,617717,636748,654715,673523,695134,715458,733465,751219,768480,785007,800447,820845,851394,888961,933749,979213,1018648,1056251,1096701,1140481,1185099,1228535,1270374,1312172,1353247,1390062,1422356,1453784,1486037,1518674,1551673,1584236,1613668,1638948,1658813,1671153,1674885,1673942,1675934,1685683,1704285,1731677,1767633,1808811,1851659,1892722,1928998,1962052,1993617,2025527,2063148,2102986,2132068,2146050,2148574,2142651,2132082,2124482,2128157,2143463,2156519,2154323,2138536,2119670,2107511,2103909,2107315,2115881,2125102,2128514,2120724,2101212,2074560,2050261,2031912,2011716,1980687,1947895,1933930,1928863,1920979,1914634,1896699,1873000,1854657,1835203,1814984,1794338,1773576,1752956,1732506,1712061,1691515,1671149,1651289,1631911,1612860,1593972,1575171
33,328658,336674,345984,356376,367509,378956,390376,401647,412673,423647,436821,450258,463705,477981,490408,501553,512420,523662,535502,548460,562779,578388,595577,614130,633086,651044,669880,691391,711634,729621,747301,764485,780979,796465,816853,847180,884452,928948,974117,1013350,1050815,1091175,1134868,1179401,1222775,1264557,1306205,1346789,1382568,1413324,1443823,1476427,1509675,1542860,1575285,1605427,1632769,1654878,1668977,1673309,1671508,1672627,1681516,1699196,1725279,1759168,1798841,1841392,1883101,1919656,1951891,1982616,2016152,2055556,2095365,2124156,2137691,2139732,2133408,2122577,2114852,2118506,2133879,2147137,2145302,2129975,2111558,2099734,2096299,2099688,2108083,2117045,2120203,2112237,2092665,2066067,2041899,2023736,2003800,1973115,1940686,1926991,1922105,1914326,1907989,1890030,1866283,1847864,1828357,1808130,1787530,1766867,1746396,1726131,1705895,1685562,1665389,1645686,1626415,1607423,1588555
34,319132,325711,333742,343129,353640,364869,376324,387679,398894,409858,420766,433936,447358,460781,475007,487375,498497,509316,520470,532218,545091,559356,574967,592107,610579,629516,647513,666267,687688,707906,725814,743421,760576,777108,792623,812850,842941,879992,924220,969172,1008259,1045652,1085954,1129575,1174045,1217362,1259011,1300220,1339851,1374233,1404155,1434973,1468132,1501550,1534625,1567720,1599716,1629071,1652788,1667426,1670899,1668259,1668573,1676607,1693078,1717269,1749791,1789202,1832332,1874258,1909932,1941253,1973627,2008999,2048374,2087858,2116155,2129171,2130783,2124179,2113242,2105550,2109329,2124899,2138457,2137030,2122145,2104096,2092474,2089053,2092295,2100440,2109128,2112065,2103992,2084443,2057983,2034022,2016111,1996478,1966149,1934056,1920574,1915786,1908024,1901622,1883592,1859786,1841309,1821790,1801604,1781102,1760587,1740300,1720244,1700219,1680079,1660062,1640465,1621249,1602276
35,311128,316225,322831,330946,340454,351063,362301,373688,384986,396136,407030,417948,431103,444497,457874,472030,484364,495434,506173,517245,528919,541747,556026,571593,588653,607115,626075,643992,662672,684063,704188,722020,739601,756798,773362,788755,808817,838743,875582,919596,964385,1003401,1040751,1080998,1124555,1168958,1212157,1253407,1293748,1332109,1365722,1395927,1427263,1460594,1493931,1527621,1562380,1596190,1627011,1651221,1665004,1667662,1664256,1663778,1670689,1685436,1708409,1740708,1780653,1823981,1864961,1899603,1932582,1966853,2002209,2041272,2080238,2107975,2120526,2121833,2115107,2104219,2096704,2100730,2116594,2130502,2129471,2114945,2097125,2085552,2082014,2085032,2092910,2101359,2104148,2096051,2076611,2050367,2026679,2009063,1989747,1959746,1927928,1914574,1909796,1901977,1895465,1877357,1853510,1835016,1815536,1795445,1775089,1754757,1734677,1714830,1694996,1675010,1655099,1635558,1616360
36,304493,308242,313380,320079,328319,337932,348552,359722,371050,382280,393356,404260,415176,428300,441645,454956,469064,481339,492331,502992,513995,525634,538486,552714,568214,585267,603750,622627,640474,659136,680427,700470,718283,735899,753130,769576,784847,804813,834579,871247,915102,959794,998758,1036059,1076251,1119749,1164040,1206860,1247322,1286518,1324168,1358026,1388710,1420210,1453465,1487381,1522592,1558970,1594124,1625383,1648757,1661746,1663668,1659520,1657991,1663319,1676980,1699791,1732617,1772762,1815078,1854902,1891203,1926135,1960392,1995462,2034028,2072415,2099646,2111859,2113016,2106326,2095628,2088407,2092772,2108978,2123227,2122510,2108205,2090458,2078801,2075069,2077848,2085498,2093781,2096508,2088476,2069225,2043260,2019888,2002582,1983558,1953823,1922190,1908874,1904034,1896116,1889488,1871319,1847474,1829014,1809627,1789679,1769505,1749380,1729508,1709850,1690167,1670286,1650430,1630906
37,298819,301615,305418,310656,317488,325841,335470,346025,357134,368391,379546,390629,401530,412424,425499,438777,452042,466076,478268,489182,499775,510745,522417,535230,549393,564889,581967,600362,619170,637006,655578,676776,696794,714645,732298,749416,765748,780962,800826,830458,866999,910759,955372,994276,1031531,1071672,1115062,1159003,1201095,1240529,1279081,1316929,1351207,1382053,1413513,1447303,1482586,1519245,1556852,1592397,1622859,1645466,1657738,1658938,1653800,1650819,1655173,1668731,1692074,1725117,1764211,1805281,1846759,1885036,1919953,1953938,1988547,2026561,2064424,2091274,2103301,2104463,2097946,2087554,2080712,2085459,2101998,2116511,2115974,2101736,2083930,2072112,2068173,2070749,2078242,2086446,2089200,2081317,2062319,2036676,2013631,1996610,1977818,1948262,1916721,1903372,1898429,1890403,1883681,1865496,1841704,1823332,1804084,1784317,1764346,1744428,1724743,1705235,1685656,1665829,1645990
38,293609,295935,298794,302706,308086,315040,323417,332986,343482,354522,365702,376860,387936,398809,409668,422676,435903,449097,463038,475146,485989,496551,507559,519193,531945,546107,561635,578637,596966,615747,633497,651996,673166,693207,711089,728627,745644,761937,777076,796865,826403,862884,906570,951078,989919,1027132,1067180,1110244,1153507,1194661,1233518,1272244,1310461,1344871,1375682,1407636,1442670,1479267,1517045,1555007,1589792,1619523,1641437,1652997,1653232,1646736,1642886,1647191,1661293,1684880,1716860,1754666,1797398,1840837,1879087,1913742,1947291,1981388,2018905,2056363,2082980,2094972,2096276,2090045,2080040,2073616,2078731,2095526,2110175,2109666,2095364,2077425,2065435,2061326,2063772,2071194,2079406,2082270,2074601,2055901,2030590,2007847,1991053,1972408,1942938,1911417,1897993,1892940,1884830,1878058,1859908,1836221,1817986,1798914,1779348,1759582,1739849,1720314,1700908,1681382,1661572
39,288433,290711,293105,296078,300141,305655,312642,320966,330480,340911,351872,363053,374203,385244,396080,406886,419839,432992,446099,459945,471974,482783,493386,504351,515929,528686,542883,558342,575285,593587,612287,629962,648439,669627,689687,707467,724926,741898,758116,773198,792930,822443,858876,902465,946876,985658,1022786,1062534,1104978,1147378,1188012,1227028,1266086,1304399,1338766,1370043,1403128,1439343,1476960,1515060,1552302,1586407,1615467,1636680,1647294,1646227,1638933,1635078,1639946,1654318,1676846,1707546,1747027,1791688,1835084,1873075,1907313,1940381,1974019,2011152,2048347,2074876,2086966,2088524,2082661,2073079,2067055,2072460,2089386,2104025,2103419,2088982,2070897,2058771,2054562,2056961,2064397,2072701,2075741,2068332,2049941,2024937,2002435,1985784,1967200,1937746,1906203,1892698,1887559,1879407,1872637,1854576,1831041,1812979,1794104,1774739,1755157,1735573,1716139,1696787,1677278
40,282944,285516,287863,290371,293503,297711,303269,310210,318487,327943,338298,349259,360429,371536,382538,393319,404079,416959,430024,443042,456787,468779,479624,490189,501103,512686,525482,539620,555018,571947,590163,608779,626445,644956,666154,686102,703806,721228,738127,754281,769334,789086,818579,854940,898416,942738,981418,1018277,1057458,1099120,1141051,1181813,1221127,1260268,1298526,1333304,1365608,1399767,1436909,1474808,1512238,1548850,1582305,1610687,1630974,1640314,1638482,1631212,1627938,1633110,1646416,1667701,1700110,1741486,1786101,1829236,1866823,1900603,1933239,1966526,2003410,2040481,2067050,2079350,2081239,2075780,2066603,2060901,2066473,2083388,2097894,2097121,2082537,2064345,2052154,2047926,2050360,2057890,2066350,2069613,2062477,2044372,2019615,1997273,1980679,1962085,1932608,1901037,1887473,1882290,1874149,1867435,1849509,1826161,1808292,1789616,1770433,1751000,1731517,1712138,1692803
41,276912,280006,282644,285103,287773,291061,295322,300842,307745,315972,325358,335715,346665,357786,368851,379795,390525,401224,414017,426992,439915,453609,465633,476433,486931,497853,509483,522225,536310,551706,568546,586691,605288,622986,641517,662606,682471,700148,717495,734328,750438,765532,785312,814750,851024,894405,938595,977014,1013349,1051834,1093067,1135103,1176125,1215506,1254592,1293203,1328902,1362180,1397183,1434582,1471854,1508703,1544705,1577511,1604982,1624038,1632619,1630789,1624093,1621152,1625222,1637311,1660382,1694682,1736025,1780391,1823129,1860272,1893639,1925946,1959010,1995775,2032844,2059561,2072145,2074404,2069331,2060484,2054982,2060581,2077368,2091675,2090724,2076032,2057800,2045623,2041456,2044002,2051688,2060350,2063852,2056967,2039091,2014500,1992234,1975631,1956989,1927483,1895907,1882327,1877152,1869073,1862463,1844707,1821566,1803891,1785394,1766358,1747026,1727600,1708241
42,270362,273953,277108,279853,282473,285306,288653,292885,298378,305243,313408,322799,333147,344042,355119,366124,377010,387677,398304,411007,423885,436758,450475,462428,473168,483680,494645,506221,518920,533013,548329,565100,583230,601850,619565,638004,659007,678847,696444,713719,730505,746653,761799,781561,810931,847129,890372,934274,972194,1007906,1046011,1087342,1129600,1170663,1209985,1249392,1288826,1325391,1359434,1394663,1431475,1468218,1504487,1539863,1571792,1598083,1616388,1624929,1623635,1617285,1613144,1615970,1629977,1655004,1689296,1730415,1774404,1816706,1853448,1886499,1918595,1951558,1988319,2025488,2052427,2065336,2067950,2063191,2054554,2049117,2054631,2071224,2085320,2084229,2069494,2051302,2039215,2035183,2037900,2045787,2054665,2058386,2051700,2033975,2009470,1987213,1970564,1951871,1922359,1890820,1877273,1872155,1864186,1857715,1840150,1817215,1799716,1781364,1762430,1743157,1723753
43,263578,267383,271029,274280,277184,279973,282868,286189,290404,295871,302684,310861,320250,330540,341390,352406,363346,374165,384758,395309,407915,420739,433644,447275,459152,469895,480449,491370,502912,515623,529640,544895,561663,579805,598435,616069,634442,655413,675164,692684,709906,726718,742910,758049,777793,807112,843193,886154,929558,966890,1002265,1040468,1081995,1124280,1165272,1204884,1245018,1285219,1322472,1356702,1391394,1427722,1463912,1499586,1534123,1564925,1590479,1608704,1617725,1616748,1609034,1603535,1608464,1624580,1649631,1683737,1724512,1768088,1809992,1846420,1879267,1911266,1944236,1981087,2018430,2045631,2058851,2061750,2057189,2048634,2043154,2048521,2064909,2078830,2077663,2062963,2044886,2032960,2029119,2032048,2040149,2049227,2053116,2046555,2028902,2004420,1982139,1965439,1946718,1917243,1885788,1872323,1867309,1859482,1853172,1835799,1813053,1795697,1777447,1758573,1739326
44,256820,260575,264433,268167,271571,274645,277494,280365,283676,287879,293304,300139,308321,317650,327899,338688,349633,360503,371246,381760,392224,404781,417628,430440,443992,455862,466641,477153,488046,499600,512246,526213,541465,558249,576404,594939,612521,630882,651749,671398,688866,706114,722967,739136,754275,773992,803219,839062,881549,924378,961388,996865,1035250,1076785,1118988,1160234,1200501,1241324,1282131,1319517,1353252,1387502,1423310,1458940,1493814,1527277,1557358,1582808,1601443,1610732,1608154,1598875,1595708,1602980,1619151,1644060,1677870,1718268,1761463,1803050,1839267,1872015,1904019,1937083,1974095,2011649,2039101,2052566,2055642,2051158,2042579,2036997,2042207,2058425,2072231,2071062,2056470,2038576,2026866,2023254,2026408,2034706,2043936,2047924,2041412,2023770,1999278,1976970,1960244,1941536,1912144,1880822,1867483,1862605,1854942,1848796,1831597,1809008,1791754,1773566,1754722
45,250149,253789,257597,261533,265415,268991,272120,274943,277807,281117,285287,290744,297594,305720,315013,325205,335918,346789,357582,368240,378662,389098,401674,414432,427162,440686,452580,463312,473804,484712,496205,508804,522775,538054,554846,572906,591393,608957,627230,647991,667571,685054,702334,719165,735320,750450,770114,799133,834558,876513,919002,956091,991733,1030126,1071584,1113998,1155828,1196709,1238060,1278958,1315874,1349208,1382957,1418231,1453102,1486961,1519727,1549694,1575501,1594363,1601742,1597308,1590615,1590068,1597429,1613502,1638167,1671647,1711699,1754586,1795950,1832056,1864798,1896889,1930112,1967319,2005073,2032718,2046327,2049461,2044952,2036293,2030602,2035688,2051793,2065555,2064457,2050040,2032381,2020924,2017552,2020913,2029362,2038678,2042692,2036170,2018510,1994005,1971694,1954982,1936335,1907074,1875927,1862747,1858023,1850527,1844527,1827474,1805002,1787811,1769657
46,243486,247083,250775,254658,258739,262793,266415,269513,272329,275198,278485,282698,288181,294978,303077,312320,322432,333071,343861,354565,365125,375517,385986,398470,411145,423860,437378,449223,459930,470436,481283,492740,505351,519344,534637,551339,569351,587826,605305,623476,644152,663739,681248,698493,715295,731434,746528,766037,794690,829644,871275,913794,951009,986656,1024990,1066636,1109564,1151939,1193268,1234668,1275109,1311646,1344511,1377758,1412308,1446207,1479409,1512044,1542337,1568325,1584959,1590159,1588544,1584752,1584326,1591631,1607509,1631901,1665082,1704856,1747522,1788751,1824831,1857647,1889885,1923297,1960690,1998591,2026330,2039970,2043067,2038479,2029734,2023966,2028984,2045045,2058832,2057867,2043677,2026288,2015093,2011945,2015469,2024007,2033338,2037323,2030762,2013082,1988588,1966313,1949663,1931122,1902034,1871093,1858089,1853524,1846180,1840300,1823354,1800962,1783808
47,236577,240378,244027,247790,251818,256075,260166,263750,266837,269662,272513,275849,280099,285535,292314,300373,309539,319579,330135,340832,351435,361964,372392,382775,395176,407835,420544,433996,445805,456525,466975,477786,489258,501899,515905,531114,547780,565786,584154,601526,619631,640295,659889,677362,694570,711344,727431,742387,761596,789839,824525,866174,908760,945953,981553,1020051,1062160,1105573,1148323,1189662,1230623,1270708,1306775,1339154,1371724,1405348,1438624,1471689,1504633,1535067,1558542,1572673,1580878,1582403,1578749,1578308,1585468,1601126,1625273,1658220,1697792,1740320,1781497,1817624,1850567,1882979,1916573,1954099,1992054,2019783,2033361,2036369,2031696,2022896,2017107,2022124,2038204,2052077,2051296,2037366,2020257,2009309,2006343,2009969,2018529,2027824,2031750,2025149,2007471,1983029,1960836,1944292,1925899,1897014,1866298,1853473,1849053,1841833,1836039,1819165,1796828
48,228983,233425,237273,240988,244900,249109,253395,257439,261008,264105,266912,269816,273198,277405,282835,289586,297571,306671,316631,327091,337683,348252,358810,369149,379468,391853,404494,417144,430553,442364,453014,463423,474258,485766,498420,512349,527528,544194,562090,580345,597651,615757,636420,655951,673374,690543,707247,723199,737897,756765,784789,819512,861202,903717,940852,976605,1015536,1058067,1101779,1144487,1185412,1226040,1265651,1301247,1332980,1364670,1397697,1430841,1464197,1497257,1524961,1545684,1562944,1574441,1576085,1572438,1571896,1578890,1594358,1618324,1651107,1690558,1733020,1774210,1810433,1843529,1876109,1909834,1947408,1985317,2012945,2026412,2029323,2024596,2015798,2010051,2015128,2031286,2045292,2044726,2031067,2014223,2003479,2000637,2004305,2012838,2022068,2025934,2019315,2001677,1977332,1955268,1938868,1920653,1891991,1861502,1848844,1844543,1837415,1831671,1814847
49,220304,225790,230268,234175,238040,242139,246373,250607,254630,258207,261283,264142,267098,270439,274652,280066,286751,294680,303704,313566,323916,334476,345072,355535,365812,376129,388493,401071,413681,427071,438799,449412,459844,470705,482225,494812,508723,523909,540469,558240,576424,593727,611838,632427,651891,669268,686355,702917,718606,733006,751724,779813,814586,856192,898608,935868,972018,1011335,1054102,1097729,1140030,1180643,1220807,1259942,1294908,1325795,1356925,1389820,1423246,1456708,1486886,1511686,1535603,1556211,1567783,1569421,1565703,1565045,1571903,1587243,1611096,1643790,1683184,1725640,1766887,1803230,1836472,1869171,1902949,1940476,1978255,2005734,2019079,2021922,2017192,2008455,2002812,2008006,2024286,2038455,2038115,2024711,2008094,1997503,1994728,1998392,2006872,2016033,2019860,2013257,1995705,1971500,1949602,1933380,1915361,1886924,1856651,1844137,1839925,1832856,1827141
50,210394,217080,222587,227109,231164,235222,239342,243521,247729,251759,255310,258436,261349,264259,267615,271827,277181,283821,291681,300611,310364,320685,331268,341760,352166,362435,372742,385041,397584,410171,423467,435140,445771,456230,467100,478559,491131,505058,520139,536580,554279,572446,589762,607796,628305,647695,664973,681910,698225,713620,727905,746737,774889,809600,851098,893588,931190,967695,1007199,1049840,1093065,1135065,1175221,1214919,1253429,1287565,1317916,1348933,1382104,1415616,1446089,1473292,1501326,1528577,1549214,1560743,1562299,1558497,1557756,1564540,1579818,1603627,1636293,1675683,1718174,1759498,1795954,1829297,1862042,1895785,1933187,1970786,1998103,2011354,2014176,2009502,2000887,1995401,2000753,2017183,2031524,2031397,2018213,2001774,1991281,1988531,1992166,2000589,2009704,2013523,2006979,1989555,1965529,1943828,1927799,1909982,1881761,1851683,1839283,1835129,1828100
51,199411,207156,213840,219369,224032,228284,232356,236418,240571,244788,248786,252380,255557,258417,261349,264715,268874,274197,280777,288549,297377,307107,317446,327922,338357,348749,358994,369258,381523,394035,406525,419747,431433,442079,452539,463354,474807,487401,501225,516195,532566,550247,568405,585644,603606,624022,643294,660420,677107,693125,708408,722826,741760,769877,804513,846066,888819,926725,963368,1002719,1044973,1087905,1129448,1169141,1208238,1245927,1279521,1309770,1341065,1374311,1404724,1432189,1462678,1494008,1521246,1541798,1553209,1554674,1550821,1550059,1556836,1572117,1595940,1628625,1668048,1710591,1751985,1788512,1821887,1854597,1888231,1925459,1962866,1990042,2003241,2006098,2001535,1993093,1987806,1993345,2009932,2024431,2024483,2011473,1995161,1984730,1981984,1985589,1993976,2003071,2006921,2000477,1983217,1959401,1937916,1922087,1904460,1876437,1846529,1834217,1830101
52,187820,196176,203898,210577,216230,221087,225343,229355,233391,237557,241739,245773,249413,252527,255409,258358,261675,265817,271090,277590,285267,294074,303833,314066,324478,334895,345254,355458,365706,377935,390351,402768,415976,427662,438303,448705,459517,470995,483493,497204,512110,528470,546133,564200,581364,599238,619516,638611,655489,671888,687796,703198,717729,736674,764749,799455,841232,884219,922199,958661,997641,1039617,1082090,1123174,1162289,1200587,1237720,1271194,1301720,1333083,1363094,1390443,1421282,1455061,1486343,1513458,1533855,1545138,1546543,1542701,1541984,1548816,1564157,1588039,1620777,1660246,1702833,1744257,1780789,1814121,1846727,1880209,1917252,1954481,1981553,1994749,1997693,1993292,1985063,1980003,1985735,2002468,2017092,2017277,2004394,1988178,1977790,1975047,1978642,1987019,1996132,2000051,1993740,1976676,1953087,1931824,1916186,1898734,1870883,1841123,1828880
53,176194,184600,192916,200604,207389,213225,218070,222260,226244,230298,234429,238643,242717,246281,249415,252317,255216,258528,262630,267832,274252,281920,290771,300411,310582,320977,331348,341664,351847,362073,374201,386529,398949,412134,423789,434364,444770,455613,466996,479384,493035,507937,524274,541845,559817,576885,594625,614707,633546,650150,666437,682437,697933,712491,731457,759620,794550,836525,879495,917249,953355,992082,1033605,1075620,1116126,1154464,1192209,1229206,1262933,1293521,1321509,1348355,1379180,1413355,1447053,1478183,1505110,1525339,1536526,1537930,1534165,1533556,1540498,1555940,1579910,1612713,1652220,1694810,1736205,1772672,1805896,1838357,1871674,1908545,1945628,1972639,1985880,1988957,1984755,1976766,1971942,1977858,1994704,2009409,2009683,1996897,1980760,1970418,1967699,1971311,1979713,1988878,1992898,1986749,1969896,1946545,1925496,1910033,1892731,1865035,1835408
54,165046,172997,181352,189612,197385,204336,210137,214902,219059,223065,227084,231246,235497,239479,243057,246211,249060,251962,255241,259280,264413,270840,278562,287296,296888,307041,317378,327703,337998,348151,358279,370324,382649,395035,408172,419747,430320,440753,451498,462773,475111,488762,503650,519893,537360,555215,572135,589699,609521,628065,644552,660929,677001,692503,707107,726200,754598,789720,831627,874302,911706,947579,985873,1026944,1068388,1108130,1145921,1183522,1220738,1254491,1281550,1306246,1336682,1370923,1404993,1438514,1469431,1496159,1516249,1527392,1528858,1525233,1524783,1531875,1547447,1571517,1604374,1643884,1686423,1727719,1764061,1797138,1829442,1862605,1899331,1936305,1963296,1976624,1979868,1975892,1968153,1963556,1969628,1986547,2001290,2001621,1988917,1972865,1962589,1959923,1963584,1972045,1981293,1985438,1979468,1962836,1939716,1918869,1903558,1886387,1858832
55,154813,161869,169767,178052,186380,194300,201188,206889,211611,215789,219760,223809,228007,232156,236147,239740,242831,245685,248557,251779,255764,260925,267412,275030,283729,293303,303382,313675,323977,334227,344284,354346,366380,378667,390994,404028,415582,426184,436516,447150,458384,470726,484361,499148,515293,532634,550322,567069,584382,603909,622325,638885,655307,671370,686901,701647,721018,749613,784656,826239,868525,905685,941152,979012,1019528,1060211,1099402,1137048,1174857,1212058,1242078,1265655,1294080,1328074,1362186,1396063,1429351,1460045,1486599,1506601,1517757,1519343,1515906,1515656,1522926,1538639,1562800,1595681,1635140,1677563,1718704,1754882,1787799,1819955,1852991,1889605,1926504,1953510,1966955,1970390,1966648,1959154,1954761,1960954,1977904,1992651,1993024,1980408,1964463,1954284,1951702,1955446,1963993,1973347,1977634,1971849,1955432,1932531,1911868,1896693,1879641
56,145726,151645,158656,166480,174823,183281,191110,197873,203513,208250,212388,216387,220472,224559,228712,232716,236234,239330,242152,244966,248146,252172,257411,263811,271408,280090,289586,299623,309882,320136,330279,340267,350332,362318,374534,386765,399757,411324,421808,432021,442620,453866,466192,479735,494425,510433,527593,545088,561593,578648,598031,616487,633071,649460,665538,681197,696229,715817,744336,779073,820261,862282,899019,934070,971409,1011177,1051295,1090331,1128174,1165940,1199188,1225455,1252909,1285098,1318940,1352843,1386477,1419525,1450020,1476447,1496409,1507630,1509382,1506173,1506151,1513611,1529457,1553680,1586537,1625887,1668140,1709085,1745084,1777851,1809881,1842819,1879351,1916203,1943250,1956832,1960466,1956953,1949684,1945466,1951743,1968693,1983427,1983845,1971338,1955531,1945481,1943017,1946873,1955528,1965001,1969434,1963829,1947617,1924920,1904426,1889375
57,137738,142551,148439,155381,163261,171725,180068,187748,194426,200066,204752,208912,212948,216913,221004,225168,229084,232604,235660,238420,241196,244430,248559,253720,260109,267702,276309,285768,295778,305974,316108,326175,336163,346193,358092,370202,382393,395377,406804,417160,427347,437952,449182,461415,474854,489415,505235,522199,539447,555697,572630,592026,610472,627006,643401,659579,675480,690751,710294,738520,772910,813835,855390,891695,926251,962882,1002083,1042033,1081235,1119010,1152614,1181834,1212105,1243520,1275546,1309164,1342815,1376201,1409032,1439369,1465709,1485678,1497006,1498960,1496006,1496225,1503868,1519823,1544065,1576843,1616033,1658078,1698813,1734637,1767269,1799202,1832068,1868543,1905370,1932472,1946198,1950025,1946723,1939650,1935577,1941913,1958846,1973567,1974046,1961678,1946042,1936157,1933840,1937828,1946606,1956201,1960774,1955337,1939315,1916810,1896476
58,130689,134537,139336,145167,152173,160173,168507,176681,184252,190910,196480,201174,205366,209270,213241,217346,221414,225325,228794,231779,234499,237343,240695,244756,249928,256333,263847,272425,281857,291790,301860,311914,321980,331917,341875,353662,365729,377908,390718,402000,412324,422513,433104,444236,456370,469683,484041,499670,516394,533377,549511,566474,585826,604180,620700,637169,653568,669679,684902,704199,732124,766307,806761,847842,883643,917507,953587,992625,1032717,1071809,1105186,1134556,1167933,1202285,1233519,1265318,1298673,1332069,1365228,1397876,1428093,1454389,1474399,1485864,1488043,1485357,1485814,1493619,1509644,1533859,1566511,1605506,1647327,1687849,1723514,1756034,1787891,1820710,1857147,1893958,1921116,1934976,1938978,1935862,1928963,1925013,1931396,1948310,1963028,1963593,1951397,1935968,1926278,1924130,1928266,1937170,1946881,1951580,1946296,1930452,1908135
59,124411,127445,131296,136052,141961,149096,156957,165113,173160,180690,187251,192807,197521,201569,205478,209464,213466,217528,221377,224762,227704,230494,233473,236769,240855,246060,252387,259888,268447,277796,287600,297583,307622,317620,327477,337335,349075,361117,373130,385759,396993,407310,417472,427967,439005,451003,464117,478291,493692,510153,527011,543165,560085,579312,597621,614191,630852,647426,663452,678448,697536,725301,759064,799048,839563,874660,908000,943930,983097,1023036,1057456,1086405,1120131,1157688,1191809,1222805,1254345,1287437,1320596,1353562,1386060,1416191,1442470,1462547,1474166,1476582,1474163,1474840,1482774,1498828,1522973,1555471,1594253,1635845,1676165,1711686,1744116,1775918,1808706,1845111,1881903,1909107,1923082,1927234,1924280,1917535,1913704,1920136,1937040,1951773,1952453,1940462,1925273,1915802,1913840,1918128,1927152,1936965,1941774,1936630,1920960
60,118663,121107,124161,127982,132834,138888,145886,153567,161585,169574,176981,183504,189057,193605,197653,201579,205456,209454,213447,217198,220531,223545,226478,229391,232732,236874,242006,248338,255827,264307,273526,283231,293201,303161,313058,322808,332634,344348,356199,368034,380594,391803,402077,412135,422527,433429,445225,458152,472118,487272,503609,520462,536564,553361,572516,590823,607553,624364,640819,656591,671419,690436,717849,751190,790603,830359,864901,898111,934178,973166,1008175,1037941,1071428,1109479,1146748,1180587,1211317,1242598,1275446,1308398,1341198,1373576,1403644,1429925,1450079,1461862,1464511,1462344,1463210,1471239,1487287,1511340,1543667,1582233,1623600,1663729,1699123,1731478,1763240,1796002,1832373,1869130,1896356,1910419,1914698,1911890,1905297,1901589,1908081,1924993,1939763,1940586,1928831,1913909,1904675,1902906,1907343,1916475,1926375,1931279,1926268
61,113166,115288,117763,120802,124737,129751,135678,142504,150046,157996,165843,173182,179674,185033,189566,193628,197440,201318,205240,209123,212814,216216,219368,222245,225211,228614,232691,237847,244188,251601,259950,269074,278762,288632,298473,308252,317962,327779,339294,350966,362723,375228,386366,396522,406472,416721,427412,439035,451768,465502,480541,496869,513640,529602,546332,565447,583861,600715,617369,633546,649147,663963,682718,709760,742591,781248,820374,854755,888095,923981,957841,987963,1022390,1060372,1098100,1135033,1168562,1199028,1230068,1262696,1295466,1328124,1360400,1390418,1416710,1436945,1448881,1451748,1449807,1450836,1458931,1474952,1498899,1531054,1569407,1610557,1650506,1685784,1718076,1749802,1782537,1818855,1855553,1882769,1896896,1901284,1898616,1892182,1888616,1895189,1912126,1926955,1927945,1916454,1901818,1892834,1891258,1895835,1905060,1915030,1920021
62,107687,109716,111875,114345,117513,121630,126529,132298,138994,146469,154264,162020,169301,175563,180885,185420,189356,193169,196967,200774,204593,208347,211887,214975,217905,220950,224289,228406,233589,239855,247148,255400,264504,274090,283826,293545,303276,312958,322595,333911,345506,357207,369604,380596,390627,400422,410448,420975,432418,444936,458563,473607,489823,506426,522314,539001,558180,576668,593327,609684,625688,641278,655887,674357,700954,733086,771095,809980,844462,877605,908220,937003,971889,1010931,1048560,1085921,1122490,1155709,1185926,1216748,1249177,1281784,1314315,1346498,1376471,1402770,1423074,1435146,1438204,1436463,1437631,1445776,1461763,1485607,1517592,1555738,1596679,1636452,1671623,1703855,1735540,1768232,1804474,1841077,1868255,1882424,1886913,1884394,1878136,1874734,1881410,1898393,1913298,1914479,1903270,1888936,1880205,1878816,1883521,1892825,1902856
63,102101,104163,106228,108386,111001,114369,118380,123138,128793,135431,142751,150443,158115,165133,171329,176630,181021,184955,188684,192361,196106,199985,203872,207330,210479,213482,216454,219854,224015,229135,235290,242497,250740,259730,269169,278766,288424,298114,307607,317062,328304,339825,351404,363621,374458,384316,393884,403740,414107,425352,437778,451421,466341,482374,498862,514688,531443,550647,568887,585234,601415,617415,632789,647162,665277,691237,722790,760544,799425,833647,861376,886773,920445,960047,998691,1035926,1072893,1109095,1142014,1172004,1202624,1234871,1267326,1299736,1331827,1361746,1388037,1408386,1420563,1423786,1422225,1423521,1431715,1447673,1471419,1503244,1541186,1581920,1621521,1656583,1688748,1720380,1753004,1789137,1825611,1852722,1866922,1871515,1869160,1863105,1859894,1866697,1883740,1898738,1900122,1889209,1875185,1866706,1865498,1870320,1879694
64,96348,98512,100606,102669,104978,107806,111078,114965,119628,125242,131734,138946,146539,153923,160845,166991,172119,176495,180335,183936,187549,191360,195374,199164,202676,205890,208812,211854,215313,219417,224435,230524,237734,245858,254697,263983,273508,283117,292601,301900,311308,322466,333849,345246,357268,367895,377499,386892,396599,406784,417956,430401,443922,458642,474550,490940,506807,523591,542505,560382,576553,592735,608508,623630,637700,655286,680728,712080,749801,788315,816886,839239,869718,908247,947409,985614,1022427,1058995,1094835,1127468,1157243,1187677,1219748,1252054,1284340,1316327,1346178,1372432,1392791,1405041,1408407,1407020,1408448,1416698,1432639,1456297,1487965,1525707,1566231,1605654,1640599,1672683,1704235,1736763,1772750,1809063,1836090,1850317,1855028,1852860,1847034,1844043,1850992,1868110,1883207,1884804,1874196,1860485,1852255,1851220,1856155
65,90407,92707,94895,96979,99195,101726,104463,107625,111434,116076,121561,127953,135064,142354,149618,156459,162397,167487,171749,175450,178984,182674,186613,190520,194359,197929,201042,204034,207152,210548,214570,219534,225637,232734,240705,249392,258596,268066,277449,286726,295973,305310,316323,327499,338696,350463,360802,370225,379470,389004,399134,410339,422655,435968,450568,466346,482731,498612,515102,533619,551292,567466,583426,598933,613725,627312,644490,669804,701172,738484,771092,794036,821632,857178,895241,933921,971659,1008044,1044212,1079698,1112054,1141625,1171877,1203772,1235924,1268075,1299937,1329684,1355865,1376199,1388497,1391995,1390787,1392360,1400683,1416619,1440197,1471713,1509250,1549557,1588788,1623597,1655575,1687019,1719416,1755227,1791353,1818285,1832546,1837392,1835436,1829870,1827122,1834236,1851434,1866631,1868444,1858143,1844747,1836767,1835903
66,84312,86731,89045,91213,93446,95884,98325,100963,104063,107869,112401,117802,124098,130902,138059,145217,151818,157689,162633,166735,170368,173975,177798,181628,185582,189466,192912,196092,199160,202209,205529,209511,214508,220511,227458,235286,243885,253019,262241,271408,280630,289791,299000,309787,320752,331684,343118,353244,362518,371599,381085,391247,402328,414433,427619,442080,457837,474184,489756,505864,524155,541815,557764,573437,588597,602879,616102,633282,658667,689673,721007,747738,775919,808736,843820,881379,919546,956807,992759,1028532,1063665,1095749,1125120,1155188,1186899,1218882,1250873,1282578,1312183,1338250,1358526,1370855,1374488,1373475,1375212,1383625,1399569,1423075,1454436,1491760,1531832,1570849,1605495,1637336,1668639,1700876,1736486,1772408,1799239,1813546,1818548,1816830,1811552,1809072,1816361,1833637,1848930,1850954,1840963,1827887,1820160
67,78154,80623,83044,85323,87632,90085,92426,94772,97360,100473,104187,108651,113974,119973,126641,133679,140572,147074,152762,157516,161536,165235,168979,172679,176557,180544,184286,187793,191040,194030,197000,200299,204333,209241,215097,221914,229653,238176,247058,256059,265153,274273,283285,292295,302852,313530,324126,335309,345262,354356,363397,372922,382956,393821,405799,418851,433271,448964,464961,480140,496062,514322,531724,547373,562676,577306,591189,604476,621842,646916,672113,697553,729308,762660,795020,829607,866629,904270,941045,976564,1011938,1046716,1078525,1107691,1137565,1169078,1200866,1232663,1264169,1293590,1319505,1339701,1352056,1355837,1355038,1356963,1365482,1381444,1404880,1436079,1473172,1512986,1551757,1586207,1617878,1649012,1681064,1716453,1752158,1778891,1793257,1798436,1796983,1792015,1789819,1797290,1814638,1830016,1832249,1822571,1809824
68,72047,74470,76931,79304,81714,84232,86578,88822,91122,93736,96774,100436,104839,109883,115757,122305,129063,135833,142115,147577,152215,156287,160120,163748,167493,171401,175230,179016,182575,185732,188635,191591,194946,198902,203674,209415,216151,223820,232089,240732,249657,258639,267591,276381,285170,295435,305753,316098,327072,336830,345878,354954,364337,374159,384901,396732,409737,424087,439405,454977,469978,485909,503898,520946,536200,550947,565151,579086,592611,609769,629216,648753,679084,715738,748581,780450,814508,850977,888079,924360,959439,994409,1028824,1060349,1089299,1118964,1150250,1181810,1213370,1244631,1273826,1299564,1319666,1332049,1335994,1335435,1337568,1346210,1362195,1385558,1416580,1453419,1492940,1531429,1565648,1597119,1628058,1659908,1695061,1730541,1757178,1771616,1776993,1775825,1771189,1769290,1776942,1794351,1809800,1812238,1802882
69,66062,68389,70796,73197,75688,78294,80691,82934,85132,87463,90010,93012,96632,100776,105713,111477,117744,124368,130890,136911,142225,146889,151071,154775,158447,162217,165949,169821,173647,177090,180147,183025,186050,189334,193163,197841,203512,210189,217605,225642,234208,242999,251792,260499,269065,277575,287457,297523,307668,318401,328085,337158,346080,355244,364936,375527,387305,400242,414209,429080,444457,459485,475183,492780,509384,524065,538357,552591,566728,580094,591829,605824,630249,665325,701354,733651,764999,798513,834412,870962,906739,941368,975921,1009959,1041183,1069898,1099327,1130351,1161638,1192917,1223891,1252829,1278368,1298372,1310793,1314919,1314624,1316985,1325759,1341771,1365050,1395874,1432426,1471616,1509782,1543735,1574982,1605706,1637341,1672249,1707499,1734041,1748563,1754152,1753288,1748997,1747403,1755230,1772686,1788194,1790839
70,60199,62447,64752,67091,69598,72269,74739,77025,79214,81440,83710,86232,89207,92586,96644,101491,106986,113119,119482,125717,131556,136859,141610,145635,149370,153059,156647,160418,164315,168000,171329,174344,177299,180239,183410,187163,191789,197417,203849,211043,219000,227419,236001,244540,252997,261265,269420,279039,288894,298811,309432,319113,328003,336682,345713,355257,365786,377494,390038,403570,418248,433636,448440,463780,480886,496850,511056,525371,539777,553711,561714,568211,587169,616343,650769,686131,717851,748661,781610,816926,852909,888167,922331,956448,990086,1020988,1049440,1078596,1109314,1140284,1171238,1201890,1230546,1255875,1275779,1288246,1292574,1292562,1295166,1304081,1320113,1343291,1373888,1410115,1448932,1486739,1520398,1551397,1581895,1613304,1647957,1682967,1709416,1724028,1729843,1729293,1725356,1724070,1732068,1749556,1765116
71,54467,56649,58868,61099,63534,66203,68724,71071,73294,75504,77666,79914,82420,85171,88483,92473,97075,102448,108319,114383,120413,126207,131552,136107,140150,143897,147383,151007,154797,158538,162088,165355,168433,171295,174127,177227,180946,185542,190948,197172,204298,212105,220304,228609,236873,245015,252910,260832,270241,279861,289675,300240,309694,318313,326856,335719,345196,355662,366976,379092,392443,407140,422288,436731,451595,468019,483454,497665,512124,526278,534769,537623,549284,573061,601662,635397,670055,701176,731428,763799,798511,833908,868626,902303,935960,969171,999717,1027871,1056712,1087078,1117686,1148279,1178580,1206937,1232045,1251850,1264373,1268917,1269205,1272065,1281119,1297160,1320216,1350551,1386413,1424817,1462228,1495568,1526304,1556563,1587739,1622127,1656887,1683237,1697943,1703988,1703760,1700185,1699209,1707371,1724880
72,48913,51004,53148,55287,57604,60187,62695,65081,67354,69587,71726,73861,76095,78390,81091,84355,88124,92626,97752,103327,109175,115123,120920,126041,130577,134604,138128,141645,145286,148911,152492,155968,159284,162249,164986,167749,170833,174536,178932,184148,190326,197309,204891,212799,220816,228738,236477,244138,251892,261063,270567,280325,290614,299741,308198,316556,325349,334757,344825,355719,367681,381087,395545,410286,424251,438467,454318,469701,484034,498196,506867,510167,518272,534914,558202,586197,619201,653124,683623,713301,745075,779162,813947,848100,881262,914429,947175,977325,1005138,1033621,1063591,1093800,1124000,1153929,1181969,1206850,1226553,1239135,1243906,1244509,1247628,1256816,1272850,1295754,1325795,1361252,1399205,1436190,1469190,1499649,1529659,1560590,1594700,1629195,1655434,1670232,1676508,1676605,1673397,1672735,1681059
73,43573,45561,47606,49661,51874,54327,56742,59106,61405,63674,65824,67928,70047,72075,74331,77002,80068,83759,88038,92887,98251,104001,109925,115451,120509,124994,128774,132314,135848,139309,142759,146255,149755,152939,155762,158430,161176,164254,167779,172009,177200,183248,190009,197295,204904,212562,220070,227558,235040,242600,251651,261083,270556,280456,289373,297621,305885,314600,323610,333275,344039,356087,369271,383312,397531,410842,424521,440284,455722,469715,478410,481918,490398,503510,519816,542586,569938,602182,635341,665197,694283,725435,758871,793017,826572,859187,891822,924060,953769,981197,1009277,1038813,1068590,1098373,1127908,1155619,1180260,1199856,1212498,1217502,1218426,1221804,1231116,1247119,1269845,1299555,1334573,1372041,1408572,1441212,1471380,1501130,1531803,1565617,1599824,1625938,1640819,1647325,1647750,1644915,1644572
74,38489,40354,42289,44238,46353,48687,50965,53233,55502,57782,59954,62058,64135,66045,68040,70278,72771,75782,79277,83306,87961,93229,98931,104560,109985,114944,119140,122909,126449,129788,133066,136428,139937,143282,146295,149039,151679,154421,157337,160721,164960,170039,175873,182350,189331,196567,203790,211036,218340,225618,233099,242067,251197,260279,269898,278549,286676,294851,303155,311769,321335,332213,344070,356848,370351,383881,396650,410281,426045,441052,449676,453265,461817,475195,488042,503990,526213,552898,584349,616717,645906,674376,704882,737636,771106,804028,836054,868112,899792,929013,956012,983653,1012720,1042037,1071379,1100499,1127862,1152250,1171728,1184425,1189664,1190908,1194541,1203961,1219915,1242433,1271781,1306324,1343276,1379328,1411589,1441451,1470924,1501323,1534817,1568712,1594679,1609630,1616361,1617118,1614664
75,33723,35424,37230,39064,41060,43277,45432,47562,49727,51963,54134,56247,58312,60176,62050,64030,66105,68562,71400,74674,78541,83110,88325,93723,99212,104492,109121,113271,117008,120336,123484,126670,130038,133371,136528,139438,142139,144770,147351,150141,153563,157714,162598,168164,174344,180950,187744,194688,201739,208828,216019,223462,232109,240812,249609,258904,267380,275388,283140,291048,299590,309299,320007,331478,343720,356531,369472,382205,395868,411132,420873,424468,432914,446237,459310,471875,487445,509099,535090,565720,597266,625764,653591,683420,715454,748210,780454,811843,843275,874345,903031,929564,956731,985300,1014131,1043008,1071691,1098684,1122798,1142143,1154883,1160351,1161912,1165792,1175306,1191187,1213473,1242430,1276468,1312874,1348418,1380279,1409817,1438994,1469096,1502243,1535791,1561586,1576594,1583547,1584639
76,29313,30829,32469,34169,36037,38117,40152,42156,44181,46303,48420,50519,52578,54423,56240,58096,59920,61973,64278,66923,70064,73861,78385,83300,88538,93859,98772,103306,107388,110884,114004,117046,120234,123414,126547,129572,132420,135096,137562,140028,142871,146233,150209,154845,160130,165937,172107,178623,185367,192191,199182,206317,213462,221676,230075,238534,247583,255889,263443,270799,278647,287368,296937,307274,318214,329776,341989,354864,367617,380803,390936,395723,403974,417025,430007,442758,455023,470201,491264,516537,546315,577005,604781,631937,661054,692329,724325,755841,786544,817297,847707,875816,901849,928510,956552,984869,1013254,1041474,1068072,1091887,1111075,1123844,1129528,1131401,1135518,1145111,1160901,1182932,1211469,1244972,1280801,1315809,1347247,1376437,1405296,1435074,1467837,1501003,1526598,1541650,1548821
77,25262,26603,28057,29591,31314,33248,35145,37027,38922,40894,42891,44925,46956,48788,50575,52366,54066,55873,57790,59926,62462,65559,69327,73570,78324,83380,88300,93075,97496,101293,104558,107561,110593,113586,116558,119540,122485,125282,127779,130127,132662,135461,138669,142420,146801,151730,157120,163016,169327,175833,182548,189458,196289,203032,210921,218964,227167,235977,243782,250918,258224,266267,274875,284085,293903,304188,315173,327319,340152,352411,360720,366029,375193,387847,400527,413152,425560,437517,452287,472739,497266,526159,555960,582983,609433,637799,668269,699454,730192,760155,790178,819882,847374,872874,899001,926486,954261,982123,1009846,1036017,1059502,1078506,1091280,1097170,1099346,1103691,1113351,1129033,1150787,1178879,1211815,1247034,1281476,1312460,1341278,1369788,1399209,1431552,1464297,1489662,1504742
78,21580,22747,24026,25379,26926,28697,30449,32192,33961,35796,37641,39548,41500,43299,45062,46811,48442,50120,51799,53565,55614,58129,61216,64734,68827,73388,78038,82787,87402,91507,95027,98145,101123,103958,106727,109550,112440,115311,117907,120275,122692,125179,127840,130844,134376,138425,142957,148099,153796,159863,166254,172872,179453,185863,192321,199827,207590,215556,223801,231140,238223,245729,253678,261938,270648,279829,289557,300499,312576,324863,332453,336220,345650,358905,371160,383453,395701,407755,419390,433741,453561,477315,505288,534162,560396,586102,613674,643290,673610,703517,732689,761933,790887,817725,842662,868226,895121,922320,949625,976816,1002521,1025640,1044428,1057182,1063260,1065731,1070298,1080014,1095573,1117029,1144648,1176984,1211556,1245395,1275897,1304309,1332438,1361464,1393346,1425629,1450735
79,18270,19266,20374,21557,22916,24498,26090,27689,29316,31016,32721,34472,36291,38010,39728,41439,43023,44624,46174,47711,49409,51454,53979,56835,60224,64140,68300,72770,77325,81585,85366,88710,91774,94539,97141,99760,102472,105270,107921,110381,112803,115168,117526,120008,122809,126035,129722,134033,138992,144461,150401,156682,162956,169097,175197,181313,188528,196027,203430,211148,218408,225683,233096,240695,248466,256564,265213,274923,285803,297318,305102,308400,316120,329337,342116,353957,365843,377702,389389,400691,414606,433772,456724,483740,511649,537054,561977,588708,617417,646821,675843,704176,732597,760760,786909,811250,836216,862487,889072,915780,942396,967593,990306,1008841,1021549,1027801,1030562,1035344,1045105,1060525,1081660,1108776,1140477,1174363,1207560,1237540,1265511,1293222,1321817,1353194,1384973
80,15320,16162,17103,18119,19302,20687,22097,23540,25022,26575,28141,29748,31407,32997,34626,36278,37818,39361,40830,42241,43722,45419,47488,49809,52560,55793,59332,63313,67566,71748,75653,79211,82466,85288,87808,90254,92762,95377,97950,100442,102934,105294,107518,109697,111993,114525,117421,120923,125084,129833,135179,140999,146922,152733,158548,164291,170149,177085,184014,190905,198483,205891,213067,220133,227245,234419,242016,250670,260330,270650,277906,281601,288600,299904,312593,324880,336288,347754,359208,370516,381475,394939,413424,435543,461566,488466,513001,537098,562940,590692,619127,647215,674665,702219,729550,754974,778684,803016,828625,854554,880622,906616,931259,953521,971766,984398,990811,993855,998846,1008643,1023905,1044696,1071275,1102301,1135458,1167969,1197387,1224878,1252132,1280254,1311084
81,12713,13418,14211,15068,16078,17277,18500,19769,21097,22499,23917,25382,26892,28330,29826,31379,32856,34343,35749,37081,38432,39912,41644,43530,45763,48375,51269,54641,58417,62289,66098,69739,73163,76136,78703,81058,83381,85778,88162,90573,93078,95490,97694,99740,101742,103785,106023,108772,112155,116138,120784,126006,131471,136917,142379,147815,153278,158903,165266,171675,178440,186117,193391,200190,206765,213290,219996,227626,236230,245340,251676,255096,262190,272515,283335,295479,307256,318218,329249,340287,351203,361803,374798,392577,413831,438821,464671,488295,511520,536426,563171,590589,617696,644218,670866,697324,721983,745026,768686,793587,818816,844194,869519,893558,915322,933239,945772,952329,955649,960842,970662,985747,1006165,1032171,1062479,1094861,1126639,1155452,1182422,1209177,1236785
82,10430,11017,11677,12392,13241,14260,15309,16400,17558,18802,20072,21388,22753,24050,25393,26808,28186,29598,30942,32209,33481,34827,36337,37901,39710,41825,44140,46889,50067,53471,56972,60500,63964,67078,69756,72138,74347,76560,78732,80957,83364,85770,88004,90017,91880,93637,95412,97538,100210,103450,107352,111888,116762,121741,126829,131898,137034,142255,147356,153207,159484,166359,173842,180702,186987,192984,199053,205805,213393,221470,226847,229615,236200,246317,256160,266484,278065,289318,299819,310404,321011,331520,341747,354253,371301,391657,415574,440329,463000,485310,509236,534928,561282,587367,612920,638618,664161,688015,710352,733298,757446,781925,806563,831163,854550,875772,893322,905727,912415,916002,921388,931214,946099,966114,991508,1021053,1052608,1083603,1111765,1138171,1164386
83,8450,8935,9481,10070,10777,11629,12511,13437,14426,15502,16617,17784,18999,20161,21362,22621,23866,25172,26438,27641,28844,30093,31462,32816,34309,36023,37870,40064,42637,45482,48526,51745,55068,58199,60978,63442,65655,67745,69731,71750,73960,76255,78473,80501,82319,83934,85441,87135,89209,91772,94959,98775,102979,107389,112003,116684,121440,126314,131009,135659,141378,147748,154443,161457,167761,173459,179002,185130,191849,198922,203479,205544,211301,220672,230264,239613,249426,260433,271150,281179,291303,301466,311552,321388,333383,349673,369099,391904,415525,437200,458555,481459,506054,531304,556323,580866,605573,630159,653166,674754,696939,720287,743965,767811,791635,814318,834953,852101,864351,871150,874994,880559,890372,905031,924607,949348,978078,1008756,1038917,1066382,1092180
84,6751,7150,7598,8082,8660,9365,10094,10865,11697,12606,13561,14576,15643,16667,17733,18848,19946,21116,22276,23400,24530,25701,26962,28173,29458,30870,32346,34088,36136,38416,40929,43702,46715,49684,52464,55000,57263,59328,61189,63021,65022,67122,69215,71218,73028,74594,75962,77396,79060,81064,83607,86731,90245,94007,98058,102270,106628,111112,115453,119696,124277,130083,136268,142505,148906,154592,159837,165440,171521,177735,181522,182952,187830,196224,205060,214117,222961,232254,242674,252843,262387,272038,281741,291388,300815,312280,327783,346246,367905,390352,410993,431357,453200,476661,500765,524680,548173,571846,595431,617548,638343,659721,682217,705043,728044,751042,772973,792977,809684,821750,828642,832726,838453,848229,862630,881732,905774,933641,963388,992663,1019382
85,5314,5639,6002,6395,6866,7439,8035,8666,9352,10110,10908,11768,12685,13576,14506,15486,16448,17470,18499,19521,20570,21659,22816,23932,25069,26272,27470,28855,30474,32264,34255,36525,39101,41768,44381,46886,49192,51273,53099,54799,56618,58502,60406,62275,64048,65594,66914,68210,69624,71234,73243,75753,78615,81723,85148,88812,92695,96770,100727,104627,108798,113501,119114,124840,130489,136229,141433,146719,152249,157838,161028,161847,165882,173289,181159,189454,197967,206300,215064,224889,234497,243547,252711,261938,271128,280128,291039,305731,323204,343682,364920,384496,403836,424584,446874,469796,492567,514970,537568,560110,581291,601248,621772,643366,665289,687395,709516,730648,749979,766208,778057,785017,789323,795189,804902,819013,837600,860895,887848,916611,944948
86,4119,4375,4668,4983,5362,5826,6304,6814,7371,7987,8644,9357,10126,10883,11682,12527,13363,14249,15139,16038,16984,17977,19043,20055,21087,22151,23153,24266,25548,26946,28487,30266,32365,34618,36942,39275,41522,43613,45443,47091,48768,50463,52162,53841,55486,56982,58273,59510,60789,62159,63795,65794,68078,70568,73373,76434,79787,83393,86953,90473,94282,98559,103127,108287,113422,118452,123670,128856,134042,139087,141914,142339,145540,151954,158858,166204,173952,181918,189732,197960,207182,216223,224764,233427,242164,250881,259434,269771,283627,300084,319355,339356,357838,376124,395747,416836,438539,460133,481407,502891,524344,544545,563620,583243,603888,624859,646021,667220,687509,706122,721833,733434,740433,744937,750915,760533,774317,792346,814849,840836,868562
87,3140,3340,3569,3819,4121,4489,4870,5275,5720,6214,6743,7322,7951,8579,9250,9967,10680,11442,12205,12974,13796,14684,15642,16559,17494,18434,19310,20240,21271,22350,23531,24897,26535,28349,30292,32340,34410,36420,38236,39874,41477,43029,44538,46022,47482,48854,50097,51298,52504,53735,55131,56767,58570,60529,62753,65230,68012,71095,74210,77348,80773,84665,88798,92968,97561,102082,106620,111767,116801,121488,124002,124323,126935,132294,138236,144640,151458,158659,166073,173366,181053,189666,198130,206154,214303,222536,230762,238850,248593,261595,277015,295057,313800,331164,348372,366844,386701,407157,427538,447649,467978,488303,507483,525632,544311,563959,583935,604111,624341,643743,661597,676751,688065,695074,699744,705805,715294,728712,746142,767805,792775
88,2355,2504,2681,2875,3111,3401,3700,4019,4367,4758,5176,5636,6141,6646,7197,7792,8389,9030,9677,10330,11033,11793,12633,13452,14281,15122,15894,16688,17541,18394,19297,20334,21577,22972,24516,26211,28001,29834,31559,33167,34724,36194,37562,38871,40139,41341,42470,43606,44763,45916,47161,48564,50025,51543,53270,55207,57436,59976,62605,65325,68361,71849,75586,79325,82992,87000,91057,95523,100450,104961,107253,107520,109880,114418,119354,124828,130732,137026,143680,150544,157313,164456,172457,180338,187834,195459,203173,210895,218500,227633,239765,254134,270932,288403,304630,320740,338040,356641,375823,394962,413876,433018,452177,470297,487480,505173,523788,542726,561874,581094,599568,616621,631177,642168,649150,653953,660062,669384,682397,699183,719961
89,1738,1847,1977,2124,2305,2529,2761,3007,3278,3579,3904,4264,4660,5060,5498,5978,6466,6997,7535,8083,8673,9309,10027,10731,11463,12197,12880,13569,14288,14985,15683,16458,17405,18450,19623,20950,22410,23974,25528,27039,28535,29941,31221,32392,33496,34523,35494,36522,37603,38692,39841,41085,42329,43528,44856,46338,48066,50088,52215,54485,57108,60185,63512,66861,70115,73271,76836,80807,85057,89427,91635,91820,94010,98149,102299,106817,111828,117238,123012,129124,135439,141684,148282,155669,162964,169925,177017,184202,191406,198515,207024,218277,231587,247136,263323,278403,293401,309511,326839,344725,362596,380288,398211,416172,433198,449382,466055,483599,501464,519545,537719,555225,571438,585356,595982,602898,607797,613916,623033,635599,651700
90,1259,1337,1432,1539,1674,1843,2019,2207,2414,2645,2892,3167,3472,3781,4122,4498,4887,5315,5754,6205,6699,7221,7815,8405,9024,9665,10253,10850,11467,12046,12600,13193,13907,14682,15546,16543,17675,18932,20242,21579,22962,24294,25507,26582,27558,28442,29263,30145,31111,32116,33188,34319,35409,36405,37447,38560,39862,41412,43082,44895,47077,49728,52649,55603,58490,61271,64055,67522,71263,74990,77207,77381,79322,83199,86952,90728,94841,99405,104334,109601,115182,120958,126685,132741,139519,146228,152652,159207,165858,172540,179148,187033,197412,209673,223986,238901,252838,266721,281640,297691,314275,330871,347328,364020,380770,396689,411856,427494,443953,460728,477725,494831,511344,526688,539936,550161,556973,561931,568022,576901,588990
91,892,949,1017,1093,1190,1315,1446,1586,1741,1915,2101,2308,2538,2772,3031,3320,3620,3955,4303,4666,5071,5493,5982,6462,6974,7509,8007,8517,9040,9525,9983,10454,10990,11564,12192,12918,13754,14713,15751,16865,18077,19283,20410,21422,22309,23077,23776,24515,25338,26224,27201,28244,29214,30078,30923,31776,32742,33901,35155,36553,38304,40514,43010,45582,48099,50541,52975,55699,58922,62170,64050,64391,66026,69457,72932,76313,79723,83439,87563,92021,96788,101847,107090,112304,117824,123997,130123,136010,142025,148140,154293,160392,167648,177156,188371,201454,215101,227892,240657,254380,269148,284424,299734,314942,330388,345911,360700,374828,389405,404752,420411,436294,452300,467788,482227,494766,504551,511217,516190,522214,530814
92,619,659,707,761,830,918,1012,1115,1228,1357,1494,1647,1817,1990,2183,2399,2626,2881,3149,3433,3756,4099,4483,4870,5282,5714,6125,6552,6988,7395,7770,8150,8564,8992,9451,9967,10572,11268,12047,12921,13913,14944,15962,16889,17709,18397,18996,19617,20296,21046,21899,22828,23707,24465,25180,25872,26598,27456,28361,29401,30758,32535,34600,36775,38930,41035,43155,45514,48045,50809,52551,52932,54372,57153,60195,63285,66304,69358,72689,76385,80383,84664,89212,93935,98644,103635,109213,114764,120115,125594,131171,136795,142382,149008,157651,167830,179697,192092,203744,215395,227925,241414,255382,269405,283361,297555,311840,325487,338559,352058,366274,380794,395543,410425,424860,438363,450159,459465,465943,470887,476802
93,420,447,481,518,565,627,692,766,847,938,1038,1150,1273,1398,1538,1697,1864,2053,2253,2468,2717,2990,3289,3594,3916,4256,4587,4932,5287,5626,5938,6234,6568,6895,7226,7594,8026,8518,9071,9717,10480,11317,12174,12994,13735,14363,14894,15415,15978,16597,17305,18101,18878,19554,20173,20742,21318,21960,22611,23354,24374,25761,27418,29191,30986,32765,34567,36598,38765,40903,42438,43046,44268,46484,48923,51596,54319,56991,59702,62661,65944,69499,73310,77363,81579,85796,90269,95267,100254,105079,110026,115071,120167,125243,131243,139035,148199,158875,170039,180568,191117,202466,214691,227364,240109,252818,265762,278811,291311,303318,315728,328804,342175,355773,369515,382877,395421,406442,415234,421481,426352
94,280,296,318,344,377,418,463,513,570,634,704,782,870,960,1059,1173,1292,1429,1576,1733,1925,2126,2358,2591,2844,3105,3359,3629,3915,4182,4429,4673,4937,5191,5437,5705,6003,6343,6725,7186,7741,8386,9061,9739,10381,10946,11423,11877,12345,12843,13418,14074,14729,15315,15855,16341,16807,17309,17789,18315,19050,20101,21386,22793,24234,25692,27199,28907,30745,32549,33671,34280,35534,37340,39263,41384,43709,46086,48427,50810,53413,56301,59432,62791,66370,70099,73839,77812,82249,86688,90997,95423,99945,104522,109091,114476,121437,129614,139132,149100,158531,168000,178192,189176,200576,212064,223542,235249,247073,258432,269374,280694,292629,304847,317290,329885,342162,353729,363953,372196,378173
95,182,192,205,223,244,273,302,336,374,418,465,519,581,643,713,791,875,970,1074,1187,1330,1477,1653,1824,2015,2214,2405,2606,2826,3036,3233,3421,3628,3828,4013,4211,4416,4651,4913,5226,5615,6075,6586,7115,7641,8118,8539,8931,9336,9742,10206,10730,11253,11740,12205,12613,13008,13407,13768,14144,14679,15455,16433,17510,18623,19780,21000,22405,23928,25436,26323,26620,27790,29541,31089,32743,34566,36567,38618,40648,42721,44988,47503,50231,53161,56288,59553,62838,66330,70230,74141,77952,81873,85886,89955,94028,98814,104972,112197,120603,129417,137785,146204,155273,165051,175214,185475,195748,206245,216866,227098,236986,247226,258027,269101,280394,291843,303033,313616,323025,330692
96,115,122,130,139,154,173,192,213,239,268,299,335,376,419,466,520,577,642,713,793,897,1004,1129,1256,1393,1537,1682,1830,1991,2149,2297,2445,2605,2755,2902,3046,3193,3352,3527,3737,4001,4316,4675,5068,5468,5851,6203,6547,6885,7225,7596,8007,8419,8802,9175,9518,9848,10177,10461,10741,11125,11697,12421,13226,14066,14944,15886,17015,18256,19488,20150,20266,21119,22747,24217,25530,26934,28484,30186,31936,33676,35460,37410,39576,41927,44456,47158,49985,52837,55875,59264,62674,66008,69443,72966,76547,80137,84346,89738,96055,103401,111116,118466,125877,133865,142484,151456,160532,169640,178962,188411,197544,206398,215577,225265,235212,245371,255688,265799,275397,283982
97,70,75,80,86,94,106,119,133,148,166,187,210,237,265,297,333,371,414,461,514,589,664,748,839,939,1041,1147,1254,1368,1482,1590,1700,1821,1936,2043,2150,2258,2371,2488,2624,2798,3015,3251,3526,3809,4097,4372,4656,4937,5215,5514,5837,6160,6453,6737,7019,7280,7544,7771,7987,8282,8704,9232,9817,10431,11079,11788,12654,13632,14613,15084,15071,15711,16998,18339,19560,20660,21838,23138,24568,26043,27516,29031,30690,32532,34534,36690,38997,41417,43865,46475,49387,52324,55207,58183,61240,64353,67482,71142,75809,81271,87620,94299,100683,107137,114099,121615,129451,137395,145388,153583,161907,169977,177826,185974,194581,203429,212483,221691,230743,239365
98,41,44,48,51,57,63,71,81,90,100,114,128,145,162,183,207,231,259,291,325,378,425,490,545,611,687,757,835,917,991,1072,1151,1236,1321,1401,1477,1556,1633,1710,1807,1920,2061,2221,2397,2594,2789,2992,3208,3430,3657,3895,4151,4397,4618,4833,5039,5246,5455,5633,5806,6028,6342,6737,7158,7594,8054,8568,9213,9957,10714,11039,10943,11402,12419,13462,14553,15553,16460,17436,18513,19697,20924,22154,23426,24818,26364,28047,29862,31806,33851,35925,38139,40610,43109,45570,48116,50735,53408,56103,59245,63237,67903,73325,79038,84520,90075,96073,102553,109321,116198,123133,130259,137513,144570,151455,158612,166178,173970,181954,190091,198111
99,24,25,28,30,32,36,41,47,54,60,67,76,87,97,110,124,140,157,177,200,230,268,307,346,388,440,490,542,594,652,702,754,815,873,931,983,1041,1097,1156,1209,1287,1380,1482,1597,1722,1856,1993,2142,2304,2487,2666,2868,3055,3221,3379,3530,3678,3839,3981,4110,4280,4517,4812,5113,5418,5741,6099,6564,7104,7670,7902,7775,8069,8840,9649,10482,11355,12162,12901,13696,14576,15543,16548,17563,18614,19766,21046,22441,23947,25565,27268,29002,30855,32923,35019,37093,39241,41456,43722,46010,48674,52044,55979,60551,65377,70025,74747,79851,85372,91147,97029,102978,109102,115351,121450,127422,133639,140217,147003,153967,161080
100,13,14,16,18,19,21,24,26,30,34,38,44,50,56,63,73,82,93,105,119,139,161,187,213,242,272,304,341,374,411,445,483,522,559,599,639,678,712,752,792,847,902,964,1038,1122,1202,1287,1388,1506,1630,1769,1916,2061,2186,2301,2403,2511,2625,2726,2831,2960,3137,3350,3574,3792,4009,4252,4579,4959,5366,5543,5435,5593,6128,6729,7361,8016,8704,9345,9937,10576,11283,12061,12873,13696,14552,15491,16536,17674,18907,20231,21630,23058,24588,26292,28028,29749,31535,33382,35275,37192,39418,42224,45498,49301,53323,57212,61174,65462,70104,74969,79938,84976,90175,95492,100701,105818,111155,116807,122646,128651
101,8,8,8,10,11,11,13,15,17,20,22,24,28,31,35,40,47,53,60,68,81,96,109,128,140,164,181,207,229,252,274,296,326,347,374,401,425,452,477,504,537,577,617,661,704,757,810,874,948,1037,1132,1241,1347,1438,1520,1588,1667,1743,1817,1889,1982,2117,2271,2432,2583,2733,2904,3124,3381,3667,3814,3771,3840,4155,4563,5023,5510,6015,6548,7049,7516,8022,8581,9195,9841,10498,11184,11937,12776,13691,14683,15752,16883,18040,19283,20668,22081,23488,24952,26468,28026,29608,31441,33743,36428,39547,42851,46060,49338,52890,56741,60785,64926,69137,73493,77958,82350,86680,91203,95999,100961
102,4,4,4,4,6,7,7,8,9,11,12,14,16,17,19,22,26,29,33,38,45,54,63,74,81,96,107,119,133,148,160,179,191,211,226,243,258,276,288,310,330,355,382,408,436,463,497,535,578,636,698,772,845,908,971,1020,1073,1125,1172,1224,1288,1382,1491,1605,1716,1819,1927,2076,2251,2437,2569,2603,2642,2787,3023,3328,3674,4041,4425,4831,5215,5577,5969,6404,6883,7386,7902,8443,9037,9699,10422,11208,12055,12955,13878,14871,15977,17110,18243,19423,20647,21908,23194,24680,26540,28708,31227,33902,36510,39184,42084,45232,48546,51949,55421,59020,62720,66372,69987,73769,77784
103,2,2,2,2,2,4,4,4,4,5,7,8,8,10,10,12,14,16,18,20,26,31,34,41,47,55,60,70,75,85,92,105,113,121,132,139,151,163,174,181,197,214,229,245,259,277,294,317,346,377,414,464,510,556,598,633,667,700,734,764,811,877,954,1031,1102,1177,1247,1350,1464,1587,1690,1770,1815,1869,1977,2151,2376,2630,2903,3189,3492,3781,4057,4356,4688,5053,5439,5837,6255,6715,7228,7791,8402,9062,9765,10489,11268,12137,13029,13925,14860,15833,16838,17864,19050,20529,22252,24255,26387,28474,30620,32953,35489,38164,40919,43739,46670,49692,52687,55662,58781
104,2,1,2,2,2,2,2,2,2,2,3,4,4,4,6,6,6,8,10,11,14,18,19,21,27,31,31,37,42,47,52,59,65,67,75,80,85,91,99,104,113,121,132,144,151,160,168,184,197,218,236,269,297,327,354,374,401,426,440,464,493,533,586,639,690,734,787,853,924,1002,1079,1167,1221,1250,1292,1372,1497,1658,1842,2040,2248,2471,2685,2891,3114,3362,3636,3926,4227,4544,4895,5285,5714,6180,6685,7224,7782,8383,9053,9743,10439,11168,11927,12714,13519,14449,15605,16951,18518,20189,21833,23530,25376,27386,29513,31709,33966,36317,38749,41168,43581
105,1,1,1,1,2,2,2,2,2,2,2,2,2,2,2,4,4,4,4,6,8,8,10,12,13,16,18,22,21,25,27,30,33,37,40,44,46,50,54,60,62,67,73,84,86,91,96,101,110,121,131,150,168,184,203,217,229,246,255,273,295,314,346,383,413,445,478,521,568,615,666,735,788,818,840,872,929,1017,1131,1261,1402,1551,1710,1865,2016,2180,2361,2562,2776,2999,3236,3497,3788,4108,4457,4838,5243,5664,6118,6626,7150,7681,8237,8820,9424,10045,10761,11650,12684,13888,15176,16449,17767,19205,20774,22437,24161,25938,27796,29721,31645
106,0,0,1,1,1,1,1,2,2,2,2,2,2,2,2,2,2,2,2,2,4,6,4,5,7,7,9,10,12,13,13,16,18,22,24,23,26,26,27,30,33,36,42,44,48,48,52,54,61,62,72,82,89,102,108,118,126,138,145,150,166,181,196,223,237,259,281,314,341,371,398,445,483,511,534,550,574,613,675,752,843,941,1045,1157,1267,1374,1493,1623,1767,1922,2084,2256,2447,2660,2894,3151,3430,3729,4040,4377,4755,5146,5542,5960,6398,6853,7324,7866,8536,9317,10226,11202,12171,13178,14279,15482,16762,18093,19470,20914,22415
107,0,0,0,0,0,0,0,1,1,1,1,1,1,1,2,2,2,2,2,2,2,2,2,2,3,5,4,4,6,7,6,7,9,9,10,11,13,14,15,16,20,19,20,23,24,25,26,28,32,35,36,41,47,52,57,64,68,72,82,84,90,99,115,121,134,149,163,173,192,218,231,259,283,304,323,339,351,368,395,436,489,550,617,688,765,842,917,999,1091,1193,1302,1417,1540,1676,1828,1997,2181,2382,2598,2824,3069,3344,3629,3920,4227,4550,4888,5237,5640,6136,6714,7389,8115,8840,9596,10424,11333,12300,13311,14360,15463
108,0,0,0,0,0,0,0,0,0,0,0,0,0,0,1,1,1,1,1,2,2,2,2,2,2,2,2,2,2,4,4,4,4,4,5,6,6,6,8,8,8,10,9,11,12,13,14,14,17,19,18,21,26,26,28,30,34,37,41,43,47,53,60,66,75,82,85,93,112,115,129,148,161,173,186,199,209,218,230,248,275,309,350,394,442,494,545,597,654,717,787,862,942,1028,1123,1230,1348,1478,1619,1773,1933,2108,2304,2508,2717,2939,3172,3417,3672,3965,4325,4746,5237,5769,6301,6859,7471,8144,8864,9617,10403
109,0,0,0,0,0,0,0,0,0,0,0,0,0,0,0,0,0,0,0,0,0,2,2,2,2,2,2,1,1,1,2,2,2,2,2,2,2,2,2,4,5,4,5,5,7,7,5,7,8,8,10,10,11,11,14,15,16,20,20,21,29,35,30,33,37,41,44,51,57,62,52,47,70,94,101,110,117,124,130,138,150,167,188,215,243,274,308,341,375,412,454,501,551,606,663,727,800,880,968,1065,1170,1280,1400,1536,1678,1823,1979,2142,2315,2495,2702,2957,3254,3601,3978,4359,4758,5200,5684,6204,6752
